"","PC1","PC2","PC3","PC4","PC5"
"1",-2.15382062390936,-0.0850984375939859,-0.146832332231498,-0.1191976970646,0.0415231533360187
"2",-2.14988596465818,-0.082011384401674,-0.147379004574211,-0.118779783504841,0.0434947018527115
"3",-2.14564128822575,-0.0810325013128654,-0.145317002434107,-0.116101725808305,0.0452010212818133
"4",-2.12912983270363,-0.0682039941102851,-0.148257275471962,-0.106167329043472,0.0557785581326812
"5",-2.14915745989042,-0.0858212498317343,-0.143989246103167,-0.110690226487542,0.0365568079433796
"6",-2.1656639818239,-0.100241143047441,-0.139249338032733,-0.113358549792873,0.0260027903872825
"7",-2.1645752961217,-0.0992634063665192,-0.140648062169264,-0.113257324852034,0.0252339577361385
"8",-2.16137138478135,-0.0974355169294043,-0.140116894521134,-0.112470123239445,0.0256926899672439
"9",-2.16000726425867,-0.0966517841550284,-0.13969247859073,-0.116283130180161,0.0246150938514521
"10",-2.15719578326018,-0.0967976968695875,-0.139380098115631,-0.118122608626748,0.0247093910727807
"11",-2.17550089685565,-0.111403818151273,-0.137040729952785,-0.116859310786009,0.00954660352386637
"12",-2.17108984909497,-0.107185243112404,-0.138544752252791,-0.115500870796751,0.011094624379253
"13",-2.16956929236121,-0.106054112358202,-0.139608175356672,-0.11410294093225,0.0135225558446638
"14",-2.16996464092894,-0.106825796181723,-0.139451557771564,-0.114713548368372,0.0128048624813311
"15",-2.16986597145316,-0.106866084176818,-0.139301219100264,-0.114183221549646,0.0131958020095558
"16",-2.16904016262249,-0.105464241476564,-0.140749866670371,-0.113025032893988,0.0132060512706042
"17",-2.15868546216698,-0.0967688346029152,-0.142659238166666,-0.109477893156788,0.022320909387736
"18",-2.16230117879817,-0.10026889095292,-0.141523133343945,-0.109609182552988,0.0186469814494505
"19",-2.15764481715478,-0.0968199459179113,-0.142787204578723,-0.10698027191763,0.0199627252960878
"20",-2.15789247311993,-0.096914146109111,-0.141923692388206,-0.107264952384128,0.0196709715360435
"21",-2.15464995471154,-0.0946738714775982,-0.142043738076373,-0.10671594404557,0.0243354079924044
"22",-2.15502619785237,-0.0944446216859702,-0.1426910376426,-0.106156479225737,0.023907086141481
"23",-2.15460867927262,-0.0940125849722897,-0.1425400910859,-0.106044514624671,0.0241748568123783
"24",-2.15984247710597,-0.0976359537432751,-0.141331246397036,-0.107902171015336,0.0218199595550496
"25",-2.15994703762162,-0.0975747334403566,-0.141646256165637,-0.10658433491576,0.0217992643166764
"26",-2.15619934004618,-0.0942448723779256,-0.142061507347503,-0.106619285504672,0.0236702587299218
"27",-2.15530190076409,-0.0934824386205588,-0.142881205957425,-0.106422430411752,0.0231769291317221
"28",-2.15530013041113,-0.0935630190264646,-0.142818760587222,-0.106359880257771,0.0233862965965588
"29",-2.15570783423359,-0.093701183791809,-0.142995426658289,-0.10598495697902,0.022427798431551
"30",-2.1530082399421,-0.0924348504815781,-0.143269797781675,-0.106550394064965,0.0218375565307273
"31",-2.14802285623514,-0.0873292032374701,-0.144446743475128,-0.105472797006762,0.0287054274610979
"32",-2.14674275678049,-0.0858759863710408,-0.144806547113152,-0.105317816483384,0.0320542976777004
"33",-2.14390470701581,-0.0830662997579119,-0.14545926423954,-0.104498284362025,0.0347914906030788
"34",-2.14165547507818,-0.0814789249946235,-0.146163960749568,-0.102213862480247,0.0346572027860089
"35",-2.13938607939778,-0.0799341628259364,-0.145837785117521,-0.101228975199821,0.0379206243437336
"36",-2.1417391847297,-0.0816617676335867,-0.14511676707141,-0.102395527934977,0.0359996125627755
"37",-2.14090123894929,-0.0810630693151275,-0.14522874372292,-0.101744775416454,0.0375958481813665
"38",-2.13770810896249,-0.0781991726079111,-0.145970887285885,-0.100513791971437,0.0410315385144925
"39",-2.13714377778997,-0.0773405076527218,-0.146310959911495,-0.100293460008232,0.0418330978810307
"40",-2.14826777576664,-0.0866916632212672,-0.144561142851236,-0.101260157696842,0.0319415509454684
"41",-2.14399416908699,-0.0840153664774665,-0.144857185522074,-0.0999373609838995,0.0329867013603146
"42",-2.14222143330364,-0.0827548875340623,-0.145109304817389,-0.0998690948922451,0.0342783714772203
"43",-2.14434455035185,-0.0843190281739709,-0.144511738680988,-0.0997677928351685,0.0331115933025694
"44",-2.14460859809559,-0.0844311585821436,-0.144429584921261,-0.100070373868308,0.0330521518038697
"45",-2.138701979847,-0.0830412403758757,-0.141861362016165,-0.0968441290926262,0.0324636611817598
"46",-2.13677088151518,-0.0815749448024291,-0.143106218561357,-0.0946243027167715,0.0296899263111345
"47",-2.13457181917027,-0.0787308136382167,-0.143555707526487,-0.0945734895637452,0.0336223688572775
"48",-2.13252770233066,-0.0761001731559725,-0.14508076572026,-0.0934057561844319,0.0355130245498735
"49",-2.13065870473891,-0.0743011185974017,-0.145878290874192,-0.0904314662560082,0.0334550940335966
"50",-2.12913216396552,-0.0742328487635329,-0.147295462484501,-0.088274441446775,0.0308552960884549
"51",-2.12833246629388,-0.0719198780866886,-0.147978954807237,-0.0894556577714053,0.0376596310722941
"52",-2.12409027656919,-0.0675864576857683,-0.148117103390571,-0.0893186778787798,0.0448208398107509
"53",-2.12299967855642,-0.0666824062265575,-0.148942901251836,-0.0884396811804587,0.0437001003613271
"54",-2.11278665504701,-0.0587625911187325,-0.152166059268407,-0.0818556061045725,0.0463336952542312
"55",-2.110515248818,-0.0566640996483335,-0.153103483582775,-0.0805365102285405,0.0445631151084064
"56",-2.11107614637213,-0.0591839498270306,-0.152188113835726,-0.0787591289062193,0.0380856975957256
"57",-2.10590372080049,-0.056850436977935,-0.151326057944338,-0.075355908277197,0.0399125649696266
"58",-2.10244656718145,-0.0553249814871737,-0.149489998651429,-0.0738119855385605,0.0421656668462602
"59",-2.09519422660912,-0.051742829986832,-0.152564467252821,-0.0650066442244262,0.0335802121523903
"60",-2.07619664105739,-0.0407570980162633,-0.158164888940084,-0.0478658691893205,0.0212193310331712
"61",-2.06814431307613,-0.0384344115002082,-0.156401225255269,-0.046344526844237,0.0248701026904129
"62",-2.05635315325406,-0.0314865584834774,-0.161481244149457,-0.037193514010462,0.0192155211777334
"63",-2.06634923190985,-0.0363749009934491,-0.158847954075307,-0.0451804217259523,0.0244787643172672
"64",-2.0665197219204,-0.0368968549739976,-0.156355344117995,-0.046191257412346,0.0276580057299453
"65",-2.05900292494625,-0.033007494520957,-0.158740340777972,-0.0398847389561769,0.0208316070024635
"66",-2.06515501866301,-0.0387464307948578,-0.159964274737489,-0.0414208659847314,0.0148732125370854
"67",-2.0843899410832,-0.049876711447418,-0.159524569919049,-0.0506671463566779,0.00931470986667589
"68",-2.0641193604315,-0.0374068074702226,-0.16643562132897,-0.0339756185114881,-0.0016360504413642
"69",-2.07200132589078,-0.0478313444519252,-0.159539116322116,-0.0348257196831555,-0.0126224044026472
"70",-2.02729830063903,-0.0214629639648248,-0.177612569289569,0.00786468972182182,-0.0469002940279557
"71",-2.01435545142308,-0.0148066924975093,-0.17752388456324,0.0156561141508619,-0.0463775042369083
"72",-2.00494979415862,-0.0181491632699391,-0.162993770715797,0.0125915683558825,-0.0428145398506444
"73",-1.98571155099622,-0.0060727854119802,-0.175479591290129,0.0372694353658624,-0.0671432420482018
"74",-1.9623708223408,-0.00272525930402012,-0.166550643067285,0.0560743444695277,-0.081719201808362
"75",-1.96513940028766,-0.0267410577257876,-0.131266830047278,0.050208184901904,-0.0812831814809133
"76",-1.96417172073446,-0.0284028644393319,-0.139392719675975,0.0639974017817725,-0.11532575101085
"77",-1.97382096691153,-0.0223014269879704,-0.174254533946669,0.0726215551982932,-0.151935226990224
"78",-1.95648532687518,-0.0249081203034702,-0.152019214864792,0.0813228487747651,-0.142322189648099
"79",-1.96401006060642,-0.0277924099771184,-0.147944923890751,0.0683919526915532,-0.125471244214579
"80",-1.96232361425679,-0.0233140914289328,-0.146034502374287,0.0640011825948081,-0.105872600126763
"81",-1.96367511212909,-0.0266700698214468,-0.152008192079141,0.071764213942496,-0.128519826056842
"82",-1.96048760120395,-0.0356641649137106,-0.150403383705801,0.0701136019523762,-0.126872673742373
"83",-1.9560087120141,-0.0545403623550119,-0.120841827607388,0.0731889075771229,-0.141251445328737
"84",-1.96924576989133,-0.0532794751052582,-0.119932636347682,0.060529129179429,-0.123765687102177
"85",-1.96996215555451,-0.0545533396491034,-0.11967670760052,0.0593668487855041,-0.12128549879211
"86",-1.97831997443367,-0.0533945073194567,-0.117245302974358,0.044123992654806,-0.0910018797720129
"87",-1.97200553079351,-0.0519836493989406,-0.116747773000444,0.048620179953647,-0.0966287169341231
"88",-1.97142509993707,-0.0580539951387907,-0.107089803280803,0.044450043836096,-0.0913040247265095
"89",-1.96184840459161,-0.060354709790259,-0.104495034806271,0.000183027288668994,-0.0900619866123918
"90",-1.96544770956725,-0.072036253513398,-0.112771147787413,-0.00774127319411687,-0.0676745915498798
"91",-1.96860584300809,-0.076385423661736,-0.1066420802402,-0.0195375497911845,-0.0578222140791183
"92",-1.94955081386374,-0.141040018887118,-0.138893192649543,-0.0527513585606198,-0.0236616476672312
"93",-1.96438473193269,-0.0805324809124373,-0.129050095517325,-0.043828511342589,-0.039356688346035
"94",-1.94792072316751,-0.0834157766936281,-0.139364389942226,-0.0377561734708518,-0.0521187595775188
"95",-1.92291906079279,-0.067648212793894,-0.137588287482786,-0.0624135726306159,-0.0779815961172245
"96",-1.94302378721132,-0.0679967145516907,-0.135229051473531,-0.058857990176275,-0.0473257343098355
"97",-1.94522648813311,-0.0749645954379642,-0.142315467688467,-0.051726731201319,-0.0430376164625697
"98",-1.93845808906841,-0.0727188447218994,-0.135700829806427,-0.056028161433143,-0.0498889655359503
"99",-1.94985432331203,-0.0731344776022369,-0.135821124167768,-0.0450345055799241,-0.0369293806327424
"100",-1.95189928975127,-0.0744498806040774,-0.1316160329884,-0.0571749326695634,-0.0315385643616317
"101",-1.95282036208187,-0.0724474097190169,-0.130810812414832,-0.0562343127423179,-0.0279948716387578
"102",-1.92788059346094,-0.0666001017424649,-0.129579944534091,-0.0627551211926345,-0.0487013342000742
"103",-1.92160304672422,-0.0697370733840965,-0.124634819298625,-0.0460231644457335,-0.0631293184741301
"104",-1.92396712888193,-0.0654427701222204,-0.129237941896758,-0.0558242854472686,-0.0636514801684734
"105",-1.917097558417,-0.0646889493311216,-0.128300368715377,-0.0496322052462922,-0.0692244362467803
"106",-1.91765003470252,-0.062382343744279,-0.129698993854989,-0.0498370643132189,-0.0707230964666448
"107",-1.91836957324206,-0.0616649595822394,-0.131872980230519,-0.0445315901036946,-0.0666316818749689
"108",-1.92045044211505,-0.0645830296569293,-0.124061688058795,-0.0458130130572655,-0.0580533384852259
"109",-1.9290412304921,-0.0602727315063739,-0.127693362573988,-0.0393408968119766,-0.0544471732424052
"110",-1.92305897571549,-0.0579492835955866,-0.122328054993789,-0.0466959955863517,-0.0506343616355723
"111",-1.91487329520953,-0.0584832532575428,-0.127778465023329,-0.0583833119250702,-0.0510976312951133
"112",-1.90544995694112,-0.0510940865940027,-0.12346907423089,-0.078625881547674,-0.0608934693096396
"113",-1.89916464852173,-0.0479552596861437,-0.120935733023761,-0.0904388391996759,-0.0621955160466483
"114",-1.89697029639783,-0.0487348347627171,-0.119535816444522,-0.0843412990863598,-0.0639398265285715
"115",-1.8940844480695,-0.0480868707769094,-0.119746387847366,-0.0865872824375639,-0.060916622241964
"116",-1.88766217531465,-0.0496146396771288,-0.112950852387574,-0.081767873936954,-0.0564411320784555
"117",-1.85851087306098,-0.051785281236549,-0.0976968672695905,-0.0600068068220969,-0.0590899349069792
"118",-1.83831285477211,-0.0754076311535073,-0.0843549072235354,-0.0485234449966118,-0.055858050359694
"119",-1.80338438553612,-0.0681462122018873,-0.1123459641666,-0.0414006709967809,-0.086419442251956
"120",-1.79527299796595,-0.0766877475066683,-0.0819936429776531,-0.0383254427331458,-0.0757561585228659
"121",-1.7970098510116,-0.0740438644126133,-0.0869049071546098,-0.0478409556198678,-0.0563553058964443
"122",-1.79692077680519,-0.0718891435147284,-0.0876714061052662,-0.047442014633186,-0.0488018204059682
"123",-1.75142065885071,-0.0663167589041901,-0.0850114438375187,-0.0915757911536323,-0.0616549289553097
"124",-1.6969041211325,-0.0967142228429784,-0.0663229519958148,-0.104987040502024,-0.059891545082112
"125",-1.6714689553026,-0.099753289373991,-0.0905513583289179,-0.121519448903936,-0.0783710683070553
"126",-1.63895730907983,-0.104596394339579,-0.0893811697803628,-0.138110650159887,-0.0810541618030634
"127",-1.5893875442587,-0.146575680983438,-0.143096715200883,-0.15510349290561,-0.0879329954358357
"128",-1.55172563195331,-0.219789939743014,-0.199149888841835,-0.155116027584388,-0.0382618920423925
"129",-1.57471538839523,-0.160141785020928,-0.159153623396632,-0.204399891109193,-0.0397326299137859
"130",-1.54213651642851,-0.201784250885131,-0.1877788673699,-0.199071296168214,-0.0209297295207399
"131",-1.54415263398463,-0.192643144540997,-0.18786646716893,-0.181073153457144,-0.00785905744051911
"132",-1.56471930346092,-0.250639080943541,-0.213910660277859,-0.163852354185002,-0.00414600985766765
"133",-1.53966423525083,-0.244324159534078,-0.212576179964161,-0.171090187648917,0.00118348175944587
"134",-1.53174020807222,-0.25428561870464,-0.217915159412246,-0.169920480543528,0.00456947452483922
"135",-1.51438635214512,-0.339672964797733,-0.261250195693826,-0.137291042725382,0.0192488479492259
"136",-1.48047482420197,-0.437288361081812,-0.324711833953925,-0.138785607545919,0.0590026271220897
"137",-1.42114442467311,-0.498942134530376,-0.37395509415546,-0.168662511712541,0.0813327858779813
"138",-1.39148347372844,-0.459562387501622,-0.338928881014358,-0.176929537636697,0.0685547116883232
"139",-1.36285120792491,-0.417046842498191,-0.243051043600375,-0.127247591947009,0.0575106510401569
"140",-1.33485096394987,-0.439413239622846,-0.271656744976421,-0.128482439319924,0.0742753337972366
"141",-1.32109400145632,-0.431507433347263,-0.190928085112392,-0.0883274368466523,0.0706797324257509
"142",-1.2945904171232,-0.381332905980363,-0.156841057843097,-0.0278455040236643,0.0426919653346634
"143",-1.19013927062863,-0.380350982775051,-0.166994686416325,-0.0646922812808486,0.0265047086434134
"144",-1.13193854232774,-0.314239563356572,-0.0866847351781645,-0.0546165108746295,0.0123172540056789
"145",-1.28805287552418,-0.28245803806041,-0.0548356740314638,-0.0451798324767111,0.0493334481131812
"146",-1.31615395119187,-0.346704201413379,-0.122359416703906,-0.0349543241337041,0.0770245151510265
"147",-1.42870967679757,-0.279206828890988,-0.0582291618347455,-0.0414315214677732,0.0545278713310302
"148",-1.3577347333427,-0.295302666691244,-0.0451061902759803,-0.0240328733882291,0.0634355572323069
"149",-1.29286121645057,-0.298803413797745,-0.00446085117815634,-0.00470517756596354,0.0578058657805958
"150",-1.27715790802418,-0.295971582060066,0.1078457325952,0.0464843288149195,0.0330558420681521
"151",-1.19703990908409,-0.330828801976487,0.0516251778435481,0.046970329433087,0.0307816870353602
"152",-1.11058743233666,-0.439654294820753,-0.0575640401689634,0.017726930366732,0.0685913595037038
"153",-1.11716476091284,-0.36087324455072,-0.0255627222668851,0.0344566233350237,0.047566053931713
"154",-1.12058708003109,-0.355936516496262,-0.0166278736501187,0.0444596123810466,0.0627883524302165
"155",-1.08697134138342,-0.377459978019351,0.03514252534413,0.0547520912523854,0.0579603135941028
"156",-1.04966939632841,-0.342454664433414,0.0426418469931766,0.0365955261562939,0.0709096398370279
"157",-1.02223584846128,-0.336612454937635,0.087147396513316,0.0556909617538364,0.106311736812275
"158",-1.0717395626761,-0.343472603991837,0.079034060519117,0.0577102700508381,0.0847149164546516
"159",-1.03428736158717,-0.34459341977818,0.0734785428180493,0.0522373473497372,0.0950850229526691
"160",-1.00625229873024,-0.350235687950622,0.125353407188919,0.078299759560673,0.091208312780791
"161",-0.926597119271982,-0.354440414330158,0.287107976619568,0.127843804330898,0.0946209857325719
"162",-0.834773893038085,-0.324909091907306,0.255911548435732,0.152813073498433,0.0312134531735273
"163",-0.855720516742179,-0.399180879892313,0.438717883407016,0.213280314852708,0.0216274809473695
"164",-0.819161085119679,-0.395715523471217,0.394078299474149,0.215000672408105,0.00558349167467083
"165",-0.939341181811655,-0.401358335710779,0.30286066498082,0.157811574940729,-0.000394488910996887
"166",-0.958193014911503,-0.380689626767496,0.324727143246264,0.155182082984144,-0.00593644595273503
"167",-0.905069097601252,-0.375988351070373,0.343786004204008,0.116342441526718,-0.0125256790212447
"168",-0.776140622093819,-0.343407815727035,0.366249877634106,0.0351773682420359,-0.0533103358634986
"169",-0.800228633007102,-0.343690739937836,0.30856150420849,0.0594996984099068,-0.0878031367243922
"170",-0.737937691356777,-0.348635137567394,0.304208649803625,0.0415500138266978,-0.097408067835218
"171",-0.730983065611909,-0.377432003661688,0.258683163021243,0.0416438322403798,-0.0483431512783027
"172",-0.825502639853207,-0.321883181801754,0.238045663972095,0.0205577444519254,-0.0517625524080002
"173",-0.810339039997971,-0.314814906424315,0.220138134119307,0.004232245195228,-0.0529228666206641
"174",-0.786594193210899,-0.338834904952764,0.218532383033016,0.0150791780353164,-0.0570775376732621
"175",-0.87127666669346,-0.325871779111626,0.181668107791395,0.0183043488396338,-0.0577102872839039
"176",-0.949639459419315,-0.290499606330749,0.144187074395152,-0.000140659937003074,-0.0522561513205036
"177",-1.0346478895036,-0.276089080852989,0.0980795010418963,-0.00851043416764323,-0.0460808084787542
"178",-0.933016912106292,-0.297724192597102,0.152196342392429,0.0218861475063924,-0.0463990683303581
"179",-0.866162342945246,-0.324698678839,0.217505286935029,0.0387700720025216,-0.0618285171437803
"180",-0.932739137092161,-0.299119348169743,0.176608569041524,0.0268293338268704,-0.0496767613064838
"181",-0.967391418844474,-0.282734815571036,0.154535564891724,0.0259606945215084,-0.0671377827822382
"182",-1.03341777872647,-0.273782418854087,0.123188377014,0.00428452118454403,-0.0522314440985405
"183",-0.946826734337837,-0.289109482226915,0.159946224304291,0.00432039473988813,-0.0542750929907554
"184",-0.918898564552013,-0.25731076607793,0.136081160949491,-0.0263413993697415,-0.0818533415383816
"185",-0.872993641918457,-0.211313619404915,0.126451109847162,-0.117540757351379,-0.116091441471277
"186",-0.845779367895427,-0.196907404311109,0.0896294860125468,-0.0636058907049234,-0.153850707643383
"187",-0.854945189739434,-0.198607848734132,0.0866467837938936,-0.0401483707020264,-0.155144666609266
"188",-0.971665107014252,-0.185816970228892,0.0569113736854286,-0.0392778860443717,-0.128098324717209
"189",-0.904717549695561,-0.154215718847205,0.0558173201675364,-0.0555647626732371,-0.172938847223548
"190",-0.958398016131979,-0.165654966241162,0.0504118080083438,-0.0582583770086597,-0.14910080281554
"191",-1.10591972932966,-0.128224413604597,0.026910601615477,-0.0828604163109485,-0.135456317862257
"192",-1.16157582647126,-0.114332128046093,0.00854866612684627,-0.103341680189518,-0.116932409503683
"193",-1.04976956558683,-0.140402209790632,0.0637375051445983,-0.0833539688063034,-0.136959162599861
"194",-1.10660657720556,-0.136204332676611,0.0281170960034758,-0.101069804424314,-0.121154296670093
"195",-1.16896315855788,-0.146771645519392,0.0234753340610736,-0.0912482697904795,-0.117208801515523
"196",-1.29491255855216,-0.158687436318745,-0.0159618263614506,-0.107255099799339,-0.115948543510491
"197",-1.34563369536108,-0.117998665234533,-0.0120173943372024,-0.157325545606544,-0.122892453468697
"198",-1.20552452845819,-0.132044625990076,0.0255434991970643,-0.10889866722286,-0.101885077388442
"199",-1.12477574085119,-0.158146449016272,0.108949317964685,-0.0828693297469655,-0.0959457719285918
"200",-1.20856995373431,-0.118917239516905,0.039221561059707,-0.0764222514191446,-0.0958963315588747
"201",-1.01128629117341,-0.0894666843254146,0.0514028091805998,-0.0338577367971574,-0.0621284518186704
"202",-1.04859763045047,-0.0863133300950495,0.0414742451106284,-0.0546333502198554,-0.0987377256876734
"203",-0.980647688170691,-0.091653358820652,0.0527009646265067,-0.0403579496130126,-0.0874698941789696
"204",-1.00505856266046,-0.102973009543413,0.0503296784871744,-0.0281980936710187,-0.0915095275571634
"205",-0.992971402818075,-0.0799579611196428,0.0355736157503163,-0.00856006860565914,-0.117916436866124
"206",-1.08301831185602,-0.0685441112128825,0.0065536020680704,-0.0166981760188621,-0.129728577567548
"207",-1.09155783674055,-0.0691819352498468,0.00838637091107838,-0.0169540893178454,-0.130836637546795
"208",-1.07653500133497,-0.053971255377236,0.00281195909841778,-0.00986032691874015,-0.111625721578209
"209",-1.11158216750824,-0.0294180465123726,-0.0144637703093002,-0.0162328521821376,-0.0734692527610124
"210",-1.08780314438656,-0.0568262044466491,0.0203646904017895,-0.0119419866905549,-0.0864391637952913
"211",-1.12653743756168,-0.0505431674785932,0.0139116863454793,-0.0374373825262225,-0.0541317908546949
"212",-1.09053967509234,-0.0353753482645074,0.0182141560400104,-0.0417064497342952,-0.0492917859061097
"213",-1.0413401729509,-0.0817498410501248,0.0658853282254989,-0.0209188629394958,-0.0845690229946374
"214",-1.07150371738909,-0.0731938100122747,0.0543141637597344,-0.0185015062703388,-0.0823062240692616
"215",-1.0364532218433,-0.06705231219755,0.0589931123120078,-0.00993973449392113,-0.0809675064913558
"216",-1.03297022091985,-0.054563870639577,0.0486305692594296,-0.0177909376180184,-0.0712494092607748
"217",-0.915251461717832,-0.0448151275619473,0.1088322417751,-0.00592746163056166,-0.0230812659461397
"218",-0.91468219286909,-0.0563906650979571,0.146228495733994,0.00400508517811441,-0.0196742181667885
"219",-0.876704186566704,-0.0308508047427682,0.149923144101547,0.0204389997955803,-0.00981170680467355
"220",-0.793142695117953,-0.0651747082373547,0.196025252034118,0.0205657619116707,-0.0214187186715735
"221",-0.828014642048684,-0.0616782737366011,0.210412630233506,0.0252506250916597,-0.0250542290070468
"222",-0.820228568448228,-0.0513851245483683,0.216211998674576,0.0414559003296693,-0.0144365332993617
"223",-0.776405772480802,-0.0268968115122447,0.236518199567015,0.0623175163077958,0.0130084833632842
"224",-0.768566617740729,0.0038727170922857,0.233251975991959,0.0731999000734458,0.0520435585692191
"225",-0.786215153620344,0.0349614248932604,0.210298667667988,0.0646341242294182,0.0977211386144856
"226",-0.749758720089904,0.0601465552417633,0.204855861757283,0.0735506572161337,0.137514610783682
"227",-0.801963105257784,0.0660120928472074,0.181406419441106,0.0933278850737148,0.107558109116085
"228",-0.708517649544162,0.101990919268835,0.183861993799191,0.150861933990747,0.0871694683498313
"229",-0.718368152204622,0.0978231775920765,0.183081620639578,0.155523895858067,0.061904555175925
"230",-0.749297169239443,0.0835494344885505,0.18368722635127,0.095503592611998,0.0460110344936235
"231",-0.660245697719027,0.149650117827911,0.124626367325064,0.223439374161188,-0.0688664194878658
"232",-0.645128409268655,0.132887662239489,0.13039010291504,0.227039530232816,-0.0921391422061996
"233",-0.588462386800324,0.045922256358565,0.169192505828207,0.198734297879618,-0.0762464080836336
"234",-0.545998255496463,-0.00122781912474368,0.0882238734438405,0.223801904464719,-0.0630857748897477
"235",-0.491144472179355,0.014747286339556,0.0994831878161107,0.158191095930746,-0.0804538723848496
"236",-0.472422077080065,0.0807722841479722,0.119105187726363,0.238822688132652,-0.0900321471963056
"237",-0.454938306903103,0.085870494105635,0.129755504801841,0.239127360821646,-0.0882042298607605
"238",-0.33211437501082,0.169510757064904,0.0659609946079218,0.378222977637331,-0.255812008663827
"239",-0.315547959945141,0.161196039602884,0.154003577584856,0.236747186809203,-0.226031330533155
"240",-0.293553447411633,0.128634570439448,0.136612675312256,0.210994125221469,-0.203446660935574
"241",-0.228922760642189,0.144108121435101,0.197106756272703,0.227575458503072,-0.181480229497267
"242",-0.173841216909726,0.130775860874608,0.206546577486884,0.232379884425833,-0.209864793507514
"243",-0.0749721601423276,0.129657760231495,0.184751871129828,0.181025794650296,-0.220029639498896
"244",0.0488261956028623,0.209977595313724,0.193099764149595,0.0647887384914365,-0.275013107084858
"245",-0.187968635825341,0.182560416736597,0.163674031810565,0.0343307237867633,-0.218286205878202
"246",-0.166105887106479,0.185142241230756,0.153229483169692,0.0512687265248686,-0.225846115298864
"247",-0.413946817522433,0.163210876398681,0.0944277349494539,0.0369603106113846,-0.172894471774102
"248",-0.321806302666871,0.1725242243346,0.106907351799375,0.0237955693652216,-0.18836801699677
"249",-0.180072010695992,0.196617803185192,0.125630816372279,0.0054802925175931,-0.221649765319397
"250",-0.19803482987749,0.202357646814599,0.121714107240043,0.0107975471433993,-0.210714190583003
"251",-0.346811709880784,0.182823454699329,0.0804265580036081,0.0263510211123652,-0.210478861613409
"252",-0.370420400118375,0.174029145411621,0.075700300618387,0.0348328155061406,-0.189384087471153
"253",-0.405766889655807,0.150730313886734,0.0592013648583352,0.067967069071334,-0.187054672961687
"254",-0.416819114585696,0.150044550562314,0.0669346339970465,0.0449076837317236,-0.183644893646792
"255",-0.431678830492625,0.156450426128495,0.0528368634636465,0.0789029345789532,-0.204377105179421
"256",-0.561152039724146,0.121458134458027,0.0479646031879225,0.0529465931680723,-0.186712613632197
"257",-0.904991100864329,0.0421451933631166,-0.00164509762287118,0.0656562932467995,-0.124592719957497
"258",-0.687284308313939,0.101021466047269,0.027744234784153,0.113438841126643,-0.155539992441172
"259",-0.674804526504902,0.120528585242715,0.0027964484109049,0.133799108682663,-0.188447055600484
"260",-0.659778951881542,0.126115261054407,0.00211543909568307,0.168236358251177,-0.20942477645314
"261",-0.488056521425566,0.153672825714927,0.0614054493547986,0.195367997502928,-0.200871054265257
"262",-0.568856156067346,0.140506866745756,0.0440566653940348,0.197784973675832,-0.204732689111607
"263",-0.555251480751614,0.153916304431018,0.0321297229297588,0.23917199772088,-0.238230733171439
"264",-0.675761713273987,0.138698096541228,-0.00857985897630872,0.24358539814175,-0.243051203653529
"265",-0.642433989615596,0.144587470089754,-0.00765363349208564,0.256871031338477,-0.274396149254695
"266",-0.563289969859525,0.147010239580474,0.0338089285433424,0.276758701461972,-0.262638980327949
"267",-0.626454283583519,0.117055204824035,0.050932520733025,0.251791351555031,-0.233758497853595
"268",-0.519036926054108,0.15207236478073,0.0522407425817312,0.251366696005727,-0.241850255442892
"269",-0.537845078361893,0.14035890146651,0.0391395947931265,0.233789569643369,-0.234545243439123
"270",-0.418188447996847,0.14572170611707,0.0603672507125625,0.223958664116692,-0.208551381203035
"271",-0.460153085236846,0.148913686586704,0.0556573392276759,0.22482898260683,-0.190860965483289
"272",-0.514275898353397,0.145683758913899,0.0466772790930286,0.214689773105431,-0.162471792887723
"273",-0.462079545284826,0.160093142785607,0.0658291845930715,0.201867089459678,-0.141339826884515
"274",-0.471331990084171,0.137862207306,0.0709746838571512,0.18717089533317,-0.104531394242064
"275",-0.508280629279893,0.139488849274523,0.0649462647277087,0.181804332780827,-0.0836855035927814
"276",-0.55074495903437,0.118615008461899,0.0663571537114349,0.164043959226409,-0.0673651899102303
"277",-0.543741316927793,0.0986845904134345,0.0496264340249826,0.185069412865924,-0.0936950054984883
"278",-0.502264821413092,0.0733068539218988,0.0297799957989187,0.186378969734277,-0.0744243244658346
"279",-0.478763613558968,0.0754846732858459,0.0669399043075618,0.195022716046805,-0.0693281614530046
"280",-0.451609171732063,0.076886468325578,0.0615825808570701,0.202724029576452,-0.0694956686228173
"281",-0.412259069985275,0.030687076199953,0.022670683057932,0.176818653321099,-0.0119789451613098
"282",-0.486820470005231,0.077991267556055,0.0302040096512985,0.172986154406436,0.055066878899699
"283",-0.463353139546262,0.0722513605518148,0.0188595933262287,0.182688906255629,0.0366321298803852
"284",-0.43453189433482,0.074787226905565,0.0167349708740486,0.197376132961701,0.0333273157649688
"285",-0.34843360193766,0.183487259614249,0.0304516540356849,0.111157169910143,0.10878497065929
"286",-0.244394649520787,0.169710194206894,0.0804843188723324,0.178323216153285,0.116231156614188
"287",-0.18768559939041,0.215330287535468,0.0817947481151046,0.14868299475828,0.11256956814747
"288",-0.198371818085952,0.185409846349804,0.0794950714604995,0.113363288259157,0.102012303113795
"289",-0.215551233467771,0.197870332522977,0.0841155563835501,0.110593306862711,0.127347193505152
"290",-0.317330199207942,0.221711276395238,0.0672097575661089,0.147586509141757,0.116311955441094
"291",-0.331300955133102,0.240826286384902,0.0777408082227742,0.127203763735571,0.109912723806589
"292",-0.339018686278343,0.259818407396792,0.0628825958298113,0.130147762327034,0.136488381138439
"293",-0.327458213483192,0.29991005431042,0.0547996653050365,0.119605865773933,0.192869959399774
"294",-0.357548023719401,0.286933869978998,0.0524405436423925,0.118304679796014,0.224118575439089
"295",-0.388065498926128,0.294913628563473,0.0481927232211602,0.125512648768713,0.228460567621971
"296",-0.419102586979063,0.308728865347499,0.0303174734160117,0.14649787765174,0.207670385200213
"297",-0.409212798764987,0.250936059554061,0.0488398825968043,0.155313750540855,0.122601653254433
"298",-0.392210796341824,0.274760740319333,0.0485482594040584,0.145900175494799,0.165246980634175
"299",-0.38390192441339,0.289998922311358,0.0429614847608874,0.153040034115323,0.195013623747612
"300",-0.406118138833836,0.273077008756409,0.0541184950485065,0.148907440513695,0.184951745021252
"301",-0.430964359072642,0.265828256945093,0.0553464410037176,0.141813262952911,0.194760913150713
"302",-0.342182765271312,0.312861932152519,0.0605013145781291,0.150315595800079,0.237328514168728
"303",-0.339785840903111,0.306943160999715,0.0650036863632758,0.160590364507465,0.232042626511453
"304",-0.331322748991901,0.343924746412064,0.0586185565912057,0.160302014042405,0.301262257999142
"305",-0.35549075953734,0.384763232814935,0.025246870030833,0.170582437219054,0.369155282993416
"306",-0.326475326308324,0.402974725443115,0.00285939110091807,0.147865301238466,0.426357068585872
"307",-0.250432390942949,0.408290747340952,0.0327375365410019,0.170756786028702,0.417122097661177
"308",-0.250842644023033,0.435952532975554,0.0213292165974026,0.178556381630594,0.460588345750009
"309",-0.258375659114237,0.443139358212775,0.0134608060746143,0.17661769032141,0.46714996566832
"310",-0.297464974075314,0.394291645128878,0.0245499032296239,0.170685525023324,0.394826030675778
"311",-0.22975246669426,0.438157134229767,-0.00550043254220017,0.135290440709351,0.367139036055131
"312",-0.116691307505338,0.472321885401452,-0.00813928696219599,0.177117614158454,0.372800865194942
"313",-0.103550371598679,0.444674039399856,0.0241512573257408,0.182673655044626,0.291675008362784
"314",-0.231393602159283,0.408199646651821,-0.0113997275491604,0.20607688846559,0.212050554779534
"315",-0.180056821962623,0.383610760414315,0.0204285659017131,0.212169879017518,0.132417703996636
"316",-0.057003017389536,0.490308763753815,-0.11132969477697,0.48162559470266,-0.220237955079497
"317",-0.0575052018511366,0.486308817749725,-0.0514898806683142,0.364424978594966,0.00860345032207986
"318",-0.0118925257719502,0.471428547966268,-0.00486951083621562,0.368498883413244,0.0213422703392687
"319",0.0602972856097485,0.547389703343251,-0.0363465972612435,0.370637756056392,0.130404022515168
"320",0.173067235287229,0.601766591873227,-0.0653906228794658,0.303191282422568,0.203829205037376
"321",0.14493965755072,0.58343952779986,-0.0617444280614726,0.342357640186722,0.181342716701524
"322",0.233689974132057,0.606412687702229,-0.0557206779091127,0.385812259568633,0.130792254403467
"323",0.271644602028856,0.616977451377962,-0.0345735710960121,0.354727983490779,0.189015271749274
"324",0.387070834812057,0.656624842198587,-0.0563551507259558,0.437600663970097,0.137225027950491
"325",0.349382668063369,0.659095832243137,-0.0698248299013552,0.464379305734356,0.108039248417851
"326",0.53316558927247,0.727127371508677,-0.10482116016981,0.602791785679504,-0.0362355042765337
"327",0.53573873108913,0.668755170192501,-0.0209196380152882,0.587241762618761,-0.0488694523348133
"328",0.671344359953265,0.642142531084277,0.141956531493976,0.593498776658324,-0.028181922259552
"329",0.902380590094607,0.79591171697836,0.0411328652035688,0.61796221299559,-0.126224464147391
"330",0.920106589819665,0.833112776450171,0.0598556519411824,0.627783537594742,0.0130478703338289
"331",1.00799474092072,0.89072790839399,0.0551309249708045,0.605718138634144,0.0497319700588448
"332",1.03778841938383,0.864801708635358,0.0117318241631269,0.542502391984511,0.103082290398885
"333",0.974953922157386,0.988375157602409,-0.107174729751913,0.70442609834057,-0.0073834562618922
"334",1.13714654575774,1.07899231697579,-0.178698671138936,0.864851991588787,-0.171287396023673
"335",1.38618523696351,1.19399307191521,-0.157988281391145,0.812193311998017,-0.110094457637801
"336",1.35942095344474,1.19276482649884,-0.149649201629258,0.780643283312046,-0.0709242883186703
"337",1.4007400651589,1.22280040512005,-0.141736034021311,0.769547200815938,-0.0111417145188256
"338",1.47068316885928,1.27135206303495,-0.145186759893493,0.757696060190936,0.0301032803130207
"339",1.37645920692323,1.2665909662498,-0.138861093004034,0.72651490703819,0.110423609982816
"340",1.42255597067801,1.48315505609354,-0.20682963775602,0.657505115763713,0.573556480149906
"341",1.69202052584593,1.83190194152336,-0.284190295010407,0.748239539202089,1.09798622267882
"342",1.90647295317804,1.78590636930784,-0.221946322982928,0.524932049551588,0.793264611339027
"343",2.00240597069828,1.72128674549861,-0.111985061408536,0.217510286639252,0.471685024697572
"344",1.86153473315995,1.73280762973528,-0.174923105029952,0.211010043449108,0.606790928011026
"345",2.66103113049154,2.07706372173724,-0.0646318883206182,-0.214186953982759,0.47641040080456
"346",3.82906620120319,2.24099216437587,0.172292829314304,-1.03595699181467,-0.0860842277483825
"347",3.75185436611523,1.89074852758564,0.193417869513093,-0.817128980143836,-0.0748476922054086
"348",4.03901551782311,1.31256314500664,-0.284159979984001,-0.511710128216593,0.0620779883442434
"349",4.10353716381402,1.6351366460727,-0.178066960850711,-0.747596452373428,0.207520380408889
"350",4.44763504251946,1.90928037580537,-0.300764059363074,-0.551754510151953,0.294684733389122
"351",4.67605788461053,2.03499437173374,-0.277797670943642,-0.544128973963144,-0.0140353822109785
"352",5.10376122277031,2.05138810053436,-0.162419759529875,-0.779908345138678,-0.262972137666591
"353",4.90792185597614,1.86668391284154,-0.034134620699236,-0.694787502457997,-0.451558671560442
"354",4.97546493187933,1.95565122991059,-0.342527266047111,0.208570427250745,-1.06575257825318
"355",5.10104523587313,1.18724815233321,-0.64360278661767,-0.0577350629763295,-0.897165949388849
"356",3.99354809602587,0.92586834042465,-0.619430873252095,-0.147708575303742,-0.624330973354679
"357",4.35302134145983,1.06800915505599,-0.579393182393833,-0.214331885486037,-0.700417278547702
"358",4.06568387516684,0.979957207415503,-0.542863623439405,-0.235719627361847,-0.640285753642931
"359",4.13553620885483,0.939938222046529,-0.440650562457985,-0.136165712171948,-0.638663562918081
"360",4.62003245472395,1.08580364404849,-0.564857874810001,-0.0684115846887339,-0.47752561432519
"361",4.5284017535996,0.766398286504187,-0.69418637321753,-0.0302249933691913,-0.339222076410832
"362",4.30990397084,0.535012375173423,-0.756423436859958,0.0124179345954988,-0.378698747298769
"363",4.85759286161678,-0.519694459383841,-1.33996876914967,-0.00648289354908668,-0.111756036169068
"364",4.14830011345791,-0.794956729346478,-1.22528703616936,-0.0181685068938741,-0.0375574054266811
"365",4.64054525045736,-0.769284911491655,-1.31138373467202,0.0125398899398122,0.0263955921724777
"366",4.67728477358686,-0.932720974157849,-1.33572460774761,0.0377599020623356,-0.0188340512514766
"367",5.45034049351808,-0.888244841947041,-1.3498081535215,0.104489773389134,-0.135942952318449
"368",5.97665979851769,-1.77262495188523,-1.65692914650768,0.126079936445588,0.199711106195583
"369",5.93379395368137,-1.79925402854828,-1.64453229720192,0.17619514989032,0.24641866226589
"370",5.931102087514,-1.31519146263804,-1.3830244180369,0.131049998391669,0.521569845460654
"371",6.44330012833522,-1.37119156604562,-1.46833760965737,-0.058582524009294,0.321499520419034
"372",6.57924021365302,-1.78721422950883,-1.28789392646107,0.0663471320265562,0.242863811033527
"373",5.9413451681063,-1.50869264440317,-0.782271737762543,0.12851418124505,0.147726120785145
"374",5.80208347366451,-1.17485564145628,-0.0666976980139793,0.40552049604685,-0.0563038460430734
"375",5.69978849511145,-0.92468607318617,-0.0657994669651232,0.352182425627686,-0.0153362509225704
"376",5.08949103364625,-1.12361949107777,-0.207957035020385,0.289793139635669,-0.0166949364185729
"377",5.51723936312571,-1.24023058564521,-0.0364660197283517,0.381601508173265,-0.0201828152803857
"378",5.91799315207255,-1.17243167296435,0.26470977602578,0.346289230391264,-0.129683928134938
"379",5.40739343411843,-1.10853723030683,0.456792273872855,0.374264767047664,-0.012131930813005
"380",5.01998488807494,-0.855639397947785,0.471495121680396,0.269816347378989,0.0722643809828434
"381",3.46174825998597,-0.449499048990458,0.586425551409328,0.251682179638497,0.0621808121175356
"382",3.65255923680256,-0.620090432400896,0.323651335365839,0.255037038845214,-0.0260105425615269
"383",3.91581507690945,-0.965446762795249,0.0182407504625448,0.232385294865504,-0.00441658492486102
"384",4.00082020951944,-0.880144193772632,0.0791944038362633,0.289675192359284,-0.00507167733264219
"385",4.5408759653159,-0.764076412496245,0.243135627509392,0.358344411196,-0.00874101661715093
"386",3.82830757646002,-0.660266441233835,0.295930916325724,0.292178197542059,0.00116624562175538
"387",3.50909663724917,-0.734043677111763,0.263334510131334,0.25625409975343,0.0211802123177996
"388",3.47919854290308,-0.722215295770951,0.224243761974795,0.255793488207244,0.0380231788331188
"389",3.72150064890878,-0.725604197387174,0.362293742589596,0.348545943521124,0.078052729838619
"390",3.62293038170639,-0.64826154636569,0.380803595625437,0.364961701212262,0.00999481835191224
"391",3.50575638826112,-0.542748673948208,0.483751448900047,0.389437029871636,0.00450476791072874
"392",3.65929430713318,-0.562920320501273,0.627537223309584,0.386180968558608,0.0593289678460638
"393",4.11884816986917,-0.776390059142934,0.769427498395468,0.418151161759027,0.0354855518277772
"394",3.75197735445962,-0.725606017397996,0.750445007022374,0.409999744545606,0.0614327563207451
"395",3.1317752675229,-0.636352280213763,0.736539486867207,0.319228141012155,0.0484349477013633
"396",3.25309809752129,-0.699039598732139,0.805148489523673,0.413860675836416,0.0514945387280136
"397",2.61155372965631,-0.594144395407388,0.861917824249772,0.419168907103019,0.0447319899012182
"398",2.2927380592825,-0.496746579038981,0.653549698370615,0.394756405318052,0.0663839278874718
"399",2.69079684209385,-0.475624057605821,0.708582648681207,0.210454800266464,-0.0402074767184171
"400",2.0490146879191,-0.365413437720625,0.582631131377478,0.0725902091017192,-0.0390037505307246
"401",1.34424120123869,-0.331196347809095,0.481861597328837,0.0182294988731615,-0.0312070229844558
"402",1.82204547462186,-0.338836276782529,0.558560285865842,0.0509539876244079,-0.0769073459733504
"403",1.69825159395902,-0.264509077932329,0.519456855705686,0.0647494069369921,-0.0930603526099893
"404",2.10178234547093,-0.235650325590051,0.525355372500429,0.148571933647737,-0.167356279061629
"405",2.48439375015461,-0.386938844831222,0.527070742457867,0.100161512184924,-0.160317313302919
"406",2.46987577177713,-0.568948992767048,0.350155778126236,0.145914116613736,-0.106772841467041
"407",2.1918617001107,-0.547946799513676,0.375923310333236,0.0787670725429385,-0.0838698729252232
"408",2.54831984780732,-0.555623519537204,0.387679328996263,0.0736977102816767,-0.0418461212886895
"409",2.38154361105436,-0.522635343029986,0.408750589343395,0.0347642148863269,-0.0643287457455208
"410",3.13862011607405,-0.486168883010104,0.413694116726009,-0.285101262393916,-0.220383607688361
"411",3.26701708501643,-0.361860077728051,0.427565911338542,-0.3228011723454,-0.207049946087231
"412",3.33546540821844,-0.336200171726465,0.457498785196019,-0.38801716277734,-0.204141603810601
"413",3.6130415961003,-0.329721382502505,0.41471126602593,-0.278847863976553,-0.124176351510406
"414",3.19750829740061,-0.274723555198183,0.421874707576363,-0.268126112486697,-0.113883530025985
"415",3.4520626339075,-0.214828583550138,0.394254070384759,-0.240986837781294,-0.0852484429192462
"416",3.29308889931126,-0.0569672965845833,0.3765866895464,-0.417621019855695,-0.0485711347009071
"417",2.93758322866009,-0.0569359215213666,0.365007434041796,-0.312131511901609,-0.0844669930358763
"418",2.62487399693772,-0.0793446098512087,0.366061719758276,-0.228178344618192,-0.0828968373141718
"419",2.85319687494071,-0.12404707707039,0.447211920074794,-0.320686796760497,-0.0649519076990931
"420",2.67972567666271,-0.135819879904175,0.483311063678775,-0.410716299443345,-0.0747590926910064
"421",2.7500482646941,-0.119629748960103,0.513008504272691,-0.525141372259453,-0.136632758117029
"422",2.93249172179337,-0.079365991982675,0.505883434718529,-0.441696770351346,-0.0695240520571759
"423",2.92665008653907,-0.0702136362403364,0.517698835548012,-0.416863744828418,0.00896888724956818
"424",2.72234289149766,-0.0763778675006046,0.527927090644882,-0.348264728675235,0.0512983308070288
"425",2.92806146928384,-0.0210199638256442,0.500972151478857,-0.334803025896422,0.0629442313471482
"426",2.89996923960405,0.024588218839604,0.495195042727507,-0.400251931603312,0.0928530124531739
"427",2.94164981388774,0.0720269814809894,0.472792485633744,-0.353373717272111,0.154093597856429
"428",3.07534176063645,-0.0683444248982786,0.391829868422795,-0.374366812910903,0.166380536504364
"429",2.97320204198791,0.0112012111487728,0.413705500297006,-0.36687077289026,0.159176918524626
"430",2.68990469812776,-0.0414731406023924,0.405615087573975,-0.317245761775675,0.144242134766955
"431",2.31372549937804,-0.0915156226475792,0.365279410762822,-0.392022341189803,0.165627982985608
"432",2.05127494839602,-0.0835309681929213,0.303445964825508,-0.369730000181071,0.119742088775739
"433",2.16825275737726,-0.110169845894208,0.364710973066438,-0.448594980040121,0.0683290711735134
"434",1.94410076657554,-0.0848899147528747,0.315917248871086,-0.421748552753051,0.0369222150403195
"435",2.23679568726872,-0.0313480370530007,0.31996059988601,-0.417473122714217,0.0499872974921133
"436",2.03143214634902,-0.0558044086151258,0.322790152017471,-0.382974662916181,0.0650820130756814
"437",1.98834016639383,-0.0578501309374462,0.317389435078027,-0.383657500884343,0.0977077715166197
"438",1.53665223303505,-0.0500804879519103,0.276885204127269,-0.406637399852451,0.0776192945311829
"439",1.5341519379383,-0.0403820753342024,0.288610148424274,-0.466073676428331,0.0988926712934056
"440",1.53758685196301,-0.00780301142938233,0.257652176628401,-0.459117601694928,0.0727016412943857
"441",1.25554875101248,0.00110968263829969,0.212378061681676,-0.44360706700085,0.107474836055665
"442",1.3042439261005,0.0229400092204887,0.14595071849336,-0.453391595781822,0.153979548950746
"443",1.49838524066992,-0.0188917693969196,0.104071161106499,-0.486506240875655,0.184718036603433
"444",1.58120370761339,0.0783505730539885,0.111669998633212,-0.523061613521355,0.166121951878174
"445",1.57046215186729,0.109962646780837,0.133506102795876,-0.507090946299905,0.150265788384963
"446",1.44023535611725,0.113630148961487,0.129835962383451,-0.514062838376936,0.171259268923846
"447",1.51485517284404,0.182596024116776,0.130544318507084,-0.519359002466096,0.144066892077892
"448",1.36282464392966,0.143679474435992,0.0920994333187392,-0.463273744677728,0.130227455853046
"449",1.35814512032142,0.120801950698145,0.105994063578983,-0.490626436592821,0.13188853421737
"450",1.13045983847698,0.13502892257925,0.0772644468640075,-0.440302109702264,0.151865502700311
"451",0.899817354815415,0.0888185890699232,0.0284177989750964,-0.400636000519479,0.205171738692603
"452",0.889878153666715,0.0915821776590246,0.0141314023020707,-0.373561448017673,0.249454201180437
"453",0.526300898990166,0.0931776409732508,-0.0468646992154793,-0.300377107568322,0.188993612432146
"454",0.506011692745488,0.0561879325091479,0.0110757484400421,-0.367716755513151,0.169001710652638
"455",0.500209928897609,0.0556437050704556,0.0083331812613102,-0.348415424727012,0.197346693586584
"456",0.420128286265148,0.0729385111703433,0.00631778263731284,-0.373411053752995,0.205187028175292
"457",0.520004591268904,0.101655430789561,-0.0163741588050832,-0.370973979153969,0.193038437945582
"458",0.770222248661806,0.0965324075891993,-0.00943888146262098,-0.450515043196233,0.165224898780665
"459",0.457615799000806,0.0692092472030018,-0.00913309125129545,-0.394902575282863,0.178558251374038
"460",0.461463624246461,0.0686839669416079,-0.000470789758771017,-0.395257148160132,0.170471110250456
"461",0.363612516717707,0.0565537423633876,-0.000541927117950966,-0.374374357100454,0.188240130568687
"462",0.454602980443242,0.0741243704712883,0.0108904442592319,-0.371257346149046,0.208633455879691
"463",0.529768701349096,0.0719137922304837,0.0245966876576215,-0.352295727750538,0.204284196143958
"464",0.456609075455387,0.0422971492380382,0.0481496973713516,-0.351457029549178,0.193578044228
"465",0.493140999185624,0.0301800047957559,0.0808265802490071,-0.326455811818369,0.206636829642944
"466",0.604677160735044,-0.0248043786349742,0.0621849418341668,-0.340999813694592,0.20610649095328
"467",1.01264857094515,-0.0562087628791775,0.0642894353578136,-0.314239138755554,0.264076153290822
"468",0.980658063342718,-0.0772497610562282,0.0680928824617399,-0.281615139649795,0.285231183854204
"469",1.01657524857688,-0.0592718366447351,0.0820300006948268,-0.271826720010365,0.290004584967455
"470",1.21406056918485,-0.0896375259596657,0.0829225284363243,-0.26575981762615,0.296692051491385
"471",1.07728733219703,-0.084811432687696,0.0766778854071375,-0.279427798671464,0.287443138851501
"472",1.06381120503825,-0.0700223412992787,0.0694430920900964,-0.320853654932406,0.241809808357726
