"","PC1","PC2"
"1",-1.22290863880949,0.0780756223685312
"2",-1.22361137986559,0.0776338664280113
"3",-1.22401912251203,0.0781998872420465
"4",-1.2241920753012,0.0780456820477007
"5",-1.22406351627418,0.0776225812886621
"6",-1.22441151922025,0.0779261053595047
"7",-1.22381498620169,0.0774530871343713
"8",-1.22385940604359,0.0775530593122991
"9",-1.22543819785359,0.0759681030280545
"10",-1.22301889401959,0.0780208362898193
"11",-1.22524505645385,0.0759906871502175
"12",-1.22383706576895,0.0780548636657589
"13",-1.22455325023056,0.0785099295320074
"14",-1.22402014748798,0.0773215249694907
"15",-1.22485318269563,0.0787424810568503
"16",-1.22557071809078,0.0788944201978261
"17",-1.22295245418337,0.0768790999525194
"18",-1.2227608278714,0.0775453319935865
"19",-1.22435670421335,0.0788806958123998
"20",-1.22026216186416,0.0765939667463759
"21",-1.22075556920977,0.0764034042821263
"22",-1.22020217117314,0.0758237811349026
"23",-1.22318246566064,0.0788623133686805
"24",-1.22045891600009,0.0766932367765864
"25",-1.22266351944804,0.0791277907985179
"26",-1.22013965703054,0.078280781642856
"27",-1.21909831296735,0.0801467976558815
"28",-1.22112734104459,0.0799192561668686
"29",-1.21939220708134,0.0815097552846639
"30",-1.22083691693836,0.0810484330183801
"31",-1.22004545458957,0.0794758656864385
"32",-1.22163997879072,0.0823663855302827
"33",-1.22063288243955,0.0828171010969026
"34",-1.22069882514353,0.0819244935370618
"35",-1.2182773388699,0.0800002947708778
"36",-1.21725187176948,0.0828064279340752
"37",-1.2185583221343,0.0841432227254435
"38",-1.2177954105495,0.0832184152222054
"39",-1.21699285906475,0.0841804228294594
"40",-1.21722179671989,0.0831326282650269
"41",-1.21589792903619,0.0830503560371101
"42",-1.2133701698046,0.0865120574881996
"43",-1.21423694727892,0.0847367791550728
"44",-1.21387227307097,0.0858154554413725
"45",-1.21351477005166,0.0848336603847029
"46",-1.21296562356489,0.0847912718093053
"47",-1.2153504242456,0.0845580778575926
"48",-1.21607159034684,0.0826486926181565
"49",-1.21438379817994,0.0848964041271735
"50",-1.21443581661943,0.0851998389718169
"51",-1.21406748261813,0.0831242012853992
"52",-1.212097831432,0.0830846343363288
"53",-1.20991588980772,0.0828119741879514
"54",-1.21122295516558,0.0835908074632165
"55",-1.2104675393241,0.0829222563133216
"56",-1.21148254417227,0.0844174580138632
"57",-1.2106174099287,0.083829968516571
"58",-1.21008337403668,0.0825906170587986
"59",-1.20928868725638,0.0832665608280891
"60",-1.20954054044028,0.0830770348479026
"61",-1.20720146852336,0.0836224091033491
"62",-1.2061169318358,0.0839443798601415
"63",-1.20419139746258,0.0827858789830085
"64",-1.20478239698069,0.0843507506831211
"65",-1.20270528157598,0.0825163429202588
"66",-1.20201144763754,0.0825093598872951
"67",-1.20527590612805,0.0832527478557928
"68",-1.20408426564329,0.0832234686723462
"69",-1.20116786966773,0.0843377595150774
"70",-1.20074769951102,0.0835713197260989
"71",-1.19826273662535,0.0846850116386631
"72",-1.19605696992616,0.0828817176046048
"73",-1.19273652868956,0.0830199144022444
"74",-1.19682899095998,0.0827931652098374
"75",-1.19569051399692,0.0815282367813957
"76",-1.19477589602371,0.081419831000704
"77",-1.19887657718711,0.0817423798965203
"78",-1.2000665764643,0.0826092940094121
"79",-1.20066341649042,0.0814478482625454
"80",-1.20159920604319,0.0813389218620689
"81",-1.19757907516185,0.0814285417480595
"82",-1.19948634156318,0.0814076610811064
"83",-1.19605640512563,0.082010217340624
"84",-1.19759989489702,0.0815450538152266
"85",-1.19614755847433,0.079002885735819
"86",-1.19722917447553,0.0801763950172114
"87",-1.19781764289812,0.079118076913011
"88",-1.19696031007258,0.0785703562522696
"89",-1.19694939466858,0.0792919903238671
"90",-1.19709357896823,0.078501362611629
"91",-1.19746529536155,0.0789090008974853
"92",-1.1969055158995,0.0790930242498888
"93",-1.19657171050836,0.0789888052348867
"94",-1.19702219834741,0.0790573879731893
"95",-1.19810596412585,0.0789652928207692
"96",-1.19876760973793,0.0780959828213272
"97",-1.19863025836644,0.07863184477988
"98",-1.20044993619688,0.0776308470886258
"99",-1.20155386383685,0.0771762579773523
"100",-1.20356572474488,0.0770133738523996
"101",-1.20442298409523,0.0768020182063162
"102",-1.20439364020759,0.0770303693287932
"103",-1.206754347376,0.076431955180401
"104",-1.20572792558618,0.0761992153663683
"105",-1.20468949828793,0.0772995234993403
"106",-1.20550018951111,0.0780929709260681
"107",-1.20453610936444,0.0777107638971539
"108",-1.20260530517958,0.0778867147000509
"109",-1.20388765516168,0.0783347408002841
"110",-1.20322780883452,0.0784968394505332
"111",-1.20409046569551,0.0786024316478059
"112",-1.20393434895013,0.0788780190284668
"113",-1.20447313480561,0.0789729316413844
"114",-1.20315706515084,0.0786475723241493
"115",-1.20221521428557,0.0770429567369357
"116",-1.20210700663843,0.0762419495150668
"117",-1.20118762558596,0.0746527874124639
"118",-1.20066500175673,0.0737108589495586
"119",-1.20263445035698,0.0749068366080392
"120",-1.20163918834091,0.0747649534989714
"121",-1.19993767642501,0.075479304893757
"122",-1.2001598868062,0.0747028152458935
"123",-1.19785040338201,0.0750890897434789
"124",-1.19878408725349,0.0741603004957817
"125",-1.19886862084507,0.0737661415991991
"126",-1.19882647354888,0.0738764656634169
"127",-1.19925168923375,0.0739662269745918
"128",-1.19819410219525,0.0732930064683148
"129",-1.19806857024817,0.0732864812991792
"130",-1.19727528443835,0.0727446231807649
"131",-1.19876183813539,0.0737246176970281
"132",-1.19759047946148,0.0730968870896831
"133",-1.19733824623496,0.0731913360083275
"134",-1.19590188357438,0.0725427101512599
"135",-1.19586024222861,0.0718406887434288
"136",-1.19567495493154,0.071496537909385
"137",-1.19346959249245,0.0713887007005652
"138",-1.19156012007968,0.0714516641304708
"139",-1.19003766521309,0.0711650031841737
"140",-1.18771980917242,0.0723269495092981
"141",-1.18863454378062,0.0716071003733795
"142",-1.18734645963133,0.0704759623217068
"143",-1.18701429002808,0.0705822666530099
"144",-1.18855729549276,0.07012032610943
"145",-1.19073285511275,0.07075461578185
"146",-1.19088667886166,0.0700452562134253
"147",-1.19083222096862,0.0701917160608194
"148",-1.19056695367196,0.0674558791825585
"149",-1.19086250584123,0.0665521172239456
"150",-1.18780415611757,0.0673404096849922
"151",-1.18620854678412,0.0668990268237278
"152",-1.18386595671336,0.0664681838048014
"153",-1.18297181319628,0.0663578171475516
"154",-1.18298662838119,0.0662428315032271
"155",-1.18230204616236,0.0659265835264877
"156",-1.18255814243455,0.0660662819657667
"157",-1.18288951980689,0.0663885768571537
"158",-1.18166009113501,0.0658583284264648
"159",-1.18189671898744,0.066379845632546
"160",-1.18180303543458,0.0662264534389336
"161",-1.18204247081502,0.0663073639239008
"162",-1.18174391567034,0.0653039975826044
"163",-1.18156064706415,0.0652447693441316
"164",-1.17819197202442,0.0647167049665728
"165",-1.17356076403992,0.0646551479017901
"166",-1.16957218907687,0.0674467828807683
"167",-1.17061358555903,0.0656480771223518
"168",-1.16373267523039,0.063624884498801
"169",-1.17327848666952,0.0635991366312232
"170",-1.18079439853561,0.062886829072049
"171",-1.17855118028961,0.0646895409456292
"172",-1.18189115076914,0.0642297549788041
"173",-1.1852165481668,0.0665145021458444
"174",-1.19024063912881,0.0741488261737301
"175",-1.19049645491065,0.0734948959124688
"176",-1.18672751040009,0.0725479342719927
"177",-1.18722172183331,0.0725237350970229
"178",-1.1893656534379,0.0735991577854303
"179",-1.18817643854699,0.0723879416430319
"180",-1.19042423695636,0.0739918793161476
"181",-1.18997006187127,0.0737402224680733
"182",-1.18994237376211,0.072138622959142
"183",-1.18936743330602,0.0719256030083854
"184",-1.18762393000628,0.0697595522635834
"185",-1.18984367703448,0.0717618859157678
"186",-1.18993982817783,0.0703924260304507
"187",-1.19249922075327,0.0707318995847741
"188",-1.19155998806887,0.0703137598719082
"189",-1.19463026855687,0.0723417744342743
"190",-1.19098744439585,0.0715613975551214
"191",-1.19243686384011,0.0716966979824163
"192",-1.19249091615698,0.0714950248005974
"193",-1.19263687261753,0.0703975989411858
"194",-1.19185941003938,0.0704518115229898
"195",-1.19209782079644,0.0704968570792039
"196",-1.19032828981995,0.0706661902886852
"197",-1.18952582236052,0.0707325615922034
"198",-1.18958553599637,0.070820390869602
"199",-1.19018221180107,0.0707626089293593
"200",-1.19080110157372,0.0703483739426856
"201",-1.1891578084004,0.0697629779268927
"202",-1.18784222849058,0.0699837515107746
"203",-1.18673128613372,0.0695077911699628
"204",-1.18302538059186,0.0690958494519281
"205",-1.18375396079934,0.0695019498477935
"206",-1.1868321417538,0.0689195093817739
"207",-1.18534169867813,0.0694808155961835
"208",-1.1901372712033,0.0693650456906382
"209",-1.18740350270456,0.0690777735798599
"210",-1.18723391900503,0.0688061444726187
"211",-1.18615368896933,0.0684817101659421
"212",-1.18678570605967,0.0685392489605527
"213",-1.18861219939168,0.0683105531979786
"214",-1.19085206368366,0.0681096859892658
"215",-1.19790626888255,0.0693882645463703
"216",-1.19419952221205,0.0695261170059427
"217",-1.19156449004191,0.0700264904965449
"218",-1.19178407743812,0.0693139683300136
"219",-1.1893989560666,0.0683175958460489
"220",-1.1899524882261,0.068543775091067
"221",-1.18910714279138,0.0677522194786453
"222",-1.18812051126558,0.0691352836860638
"223",-1.1873365883853,0.0684449786820811
"224",-1.18761441324919,0.0674161867129754
"225",-1.18480146156262,0.0650157427854453
"226",-1.18466940101609,0.0649270434506582
"227",-1.18401707115124,0.0630880584007302
"228",-1.18581428211648,0.0653444409673978
"229",-1.18540569353064,0.0648049659025673
"230",-1.18796353633574,0.0661667243154883
"231",-1.18498367512125,0.0630809127559607
"232",-1.18551956120296,0.0638990044614103
"233",-1.18574683006113,0.0654226363854878
"234",-1.18554679518477,0.0645482619557849
"235",-1.18482325652743,0.0627074507116033
"236",-1.18394768795173,0.06225171125648
"237",-1.18375829727628,0.0632198891550602
"238",-1.18516682176233,0.0650953500598068
"239",-1.1852494069721,0.0641751458674307
"240",-1.18584107708198,0.0645157562180713
"241",-1.18692751002859,0.0655677378580946
"242",-1.18692126596895,0.066803731335289
"243",-1.18682154909476,0.0656919995784624
"244",-1.18652007759365,0.0659829073117478
"245",-1.18576600016393,0.0662700450956086
"246",-1.18577592253727,0.0662834086319378
"247",-1.18598045918256,0.0661366256074467
"248",-1.1850135245906,0.064886722815505
"249",-1.18564974215701,0.065412116069629
"250",-1.18632359780273,0.0660127995093033
"251",-1.18637448763056,0.065638850394519
"252",-1.1860782835835,0.0652374204957176
"253",-1.18563496521565,0.0656543761347427
"254",-1.18539335924502,0.0656537910157528
"255",-1.18675757583205,0.0658404276673472
"256",-1.1848009064508,0.0647877597983658
"257",-1.1845467509542,0.0646733055368772
"258",-1.18340959332386,0.0642047933698818
"259",-1.18084003666734,0.0708751223693027
"260",-1.18250846939648,0.0678067460190712
"261",-1.18255588235589,0.0678400224788139
"262",-1.18325254858202,0.06749899207004
"263",-1.18277866607864,0.0678476758897218
"264",-1.1801194502636,0.0681042893845654
"265",-1.18197769263389,0.0679828265200488
"266",-1.18305688824,0.0680329556086821
"267",-1.18160685364509,0.0688353699167205
"268",-1.18259565570419,0.0692339248948984
"269",-1.18141382865018,0.0704008054913713
"270",-1.18180676680619,0.0691335014797234
"271",-1.18049208848304,0.0703950553155389
"272",-1.18005540216817,0.0711280739790046
"273",-1.17934783499546,0.0715725627803426
"274",-1.17944170842282,0.0703123838510243
"275",-1.18084773719117,0.0696535218835905
"276",-1.18099666785136,0.0697223083042398
"277",-1.18030407323916,0.0701262097525986
"278",-1.18047043465802,0.0689807679475098
"279",-1.18146844845856,0.0678717660327899
"280",-1.18169443496235,0.0684004586217101
"281",-1.18214216102314,0.0681005434203828
"282",-1.18309925163387,0.0684265644714031
"283",-1.18349600206953,0.0684799379231108
"284",-1.18390972339418,0.0700898225049407
"285",-1.18397201346818,0.0694436576414342
"286",-1.18404670024274,0.0698479054086314
"287",-1.18286624024091,0.0694544295648815
"288",-1.18303784483669,0.0698077057399144
"289",-1.1836529300413,0.070069859908357
"290",-1.18423038910344,0.0706013301784564
"291",-1.18464405055565,0.0711717648728774
"292",-1.18434437754744,0.0726851643178031
"293",-1.18482561533426,0.0727402401654861
"294",-1.18356998427975,0.0736164131641
"295",-1.18373088455499,0.0734981798252186
"296",-1.18419053120685,0.0732533758419199
"297",-1.18493852214818,0.0737871669773277
"298",-1.18519871135676,0.073836023970681
"299",-1.18704731605113,0.0746396119934502
"300",-1.18663603146983,0.0741361739688347
"301",-1.18649673308139,0.0725142081126053
"302",-1.18857619565721,0.0722714900949427
"303",-1.19031968708508,0.0724701198331257
"304",-1.18736850413725,0.0721279193421516
"305",-1.18875458628709,0.0726732863589593
"306",-1.18821054268914,0.0721310567688158
"307",-1.18780811791531,0.0724846455821853
"308",-1.1899153486388,0.0740152527897965
"309",-1.18869883678677,0.073591510912476
"310",-1.18861320073332,0.0735157183352505
"311",-1.1888213730114,0.0730609249682069
"312",-1.18802882167047,0.0728193963935285
"313",-1.18841789889123,0.0730863236777919
"314",-1.18855757961794,0.0726143627180436
"315",-1.18938663300183,0.0730298426412288
"316",-1.18979452919018,0.0726186315166497
"317",-1.19074640786411,0.0731310243255371
"318",-1.19010736098993,0.0726629231116848
"319",-1.18989452243392,0.072424414865883
"320",-1.1900528708445,0.07184184853877
"321",-1.19066719666159,0.0720008108377163
"322",-1.19104136787782,0.0725353923155032
"323",-1.19180579376896,0.0724953078190345
"324",-1.1924719862451,0.0730078982021758
"325",-1.19299080678899,0.0731097561275503
"326",-1.19294288356805,0.0723377961819269
"327",-1.1923182893294,0.0721935285775454
"328",-1.19315306897387,0.0718295278157765
"329",-1.19367063910936,0.0708380928741721
"330",-1.19334743045565,0.0706973117967526
"331",-1.19352448722464,0.0711993720393709
"332",-1.19429191768908,0.0707904497117036
"333",-1.19477059433979,0.0705503824537499
"334",-1.19619020830628,0.0708474467413905
"335",-1.19492487936361,0.0706671165859175
"336",-1.19586335208296,0.0706700697193166
"337",-1.19732515815856,0.0705008302067863
"338",-1.19657657702259,0.0705528953696242
"339",-1.19758127023419,0.070142805369576
"340",-1.20223458441859,0.0722262026678542
"341",-1.20001555383633,0.0729915064533334
"342",-1.19740463898415,0.0728953264517118
"343",-1.19713950960591,0.0725919697487812
"344",-1.19681545143677,0.0724835311709124
"345",-1.19749181920809,0.071810168471317
"346",-1.19665140753059,0.0713316023731773
"347",-1.19662350311462,0.0715268530090441
"348",-1.19657527969457,0.0713660157002995
"349",-1.19687879387305,0.0716300919812622
"350",-1.19755042416531,0.070997073230341
"351",-1.19667084840507,0.0705684266135794
"352",-1.19729966480088,0.070216705424395
"353",-1.19638036972587,0.069835027758314
"354",-1.19652301021297,0.0693502087033203
"355",-1.19640084217562,0.0694709314627758
"356",-1.19655938793927,0.0701160442433231
"357",-1.19714112818981,0.0697174574832491
"358",-1.19376273023212,0.0654894519669769
"359",-1.19277403923208,0.0657805758327838
"360",-1.19382093604883,0.066174241913682
"361",-1.19425177406797,0.066389893338805
"362",-1.19410570126774,0.0658685312520671
"363",-1.19180123880702,0.0649510600103942
"364",-1.18879872747371,0.0641319158224705
"365",-1.18915434395872,0.0641385327307639
"366",-1.18906600337281,0.0641551974342814
"367",-1.18851869943282,0.0633904798842133
"368",-1.1863620759128,0.0618121478210741
"369",-1.18318702292358,0.0614367233228587
"370",-1.17566614798665,0.0571126904317639
"371",-1.18221765990807,0.0610856069727499
"372",-1.18973043551581,0.066947620167516
"373",-1.18871935459869,0.066053471527434
"374",-1.18629185929195,0.0644928084007175
"375",-1.18443018006438,0.0627012447776921
"376",-1.18144362667121,0.062675851929913
"377",-1.18933146694226,0.0671852824745655
"378",-1.18700461186102,0.0646784521872423
"379",-1.18693760056937,0.0654492760220939
"380",-1.18675888494264,0.0656757187456207
"381",-1.18683388589556,0.0659308425536639
"382",-1.18660686136601,0.0651712699354292
"383",-1.18285117520935,0.0630470718094145
"384",-1.18389140423736,0.0638909498341154
"385",-1.18107650447071,0.0620162743947968
"386",-1.18111840012844,0.0616338183898053
"387",-1.18042921122159,0.0622544301951162
"388",-1.18078600349483,0.0620444337126814
"389",-1.18060782768737,0.061747613412045
"390",-1.18360612315641,0.0632743001780198
"391",-1.18384033033795,0.0634122562653761
"392",-1.1818659360864,0.0614630473434915
"393",-1.1810665116829,0.0607477680582209
"394",-1.18112298896389,0.0609281819271791
"395",-1.18115362344587,0.0606006102834521
"396",-1.17858103507323,0.0591298489947854
"397",-1.17798673212872,0.0586653901652947
"398",-1.17848841361412,0.0593170642900157
"399",-1.17767912501386,0.0584921553302578
"400",-1.17607944287136,0.0573385882410867
"401",-1.17561692472144,0.0577094877670166
"402",-1.17656435993536,0.0579170048127886
"403",-1.17658821019328,0.0583475002155224
"404",-1.17574808213828,0.0579330028962937
"405",-1.17579528216814,0.0577009709692552
"406",-1.18002559784412,0.0602646208855278
"407",-1.17709972910334,0.0585499788826343
"408",-1.17623523406695,0.0581842478651127
"409",-1.17740173967645,0.0588083012572144
"410",-1.17758074240163,0.058827534580252
"411",-1.17199374813961,0.0566577485036296
"412",-1.169669214639,0.0542919203394107
"413",-1.16990627574455,0.0539752296607541
"414",-1.16957675428197,0.0531453082596846
"415",-1.16773445264043,0.0507813681531543
"416",-1.16545070251396,0.0498975869102005
"417",-1.16795690344491,0.0516759658720634
"418",-1.16785777003773,0.0516929819254675
"419",-1.16671853754698,0.0505463519875354
"420",-1.16064264890998,0.0461651199868133
"421",-1.15847894828475,0.0435936447185461
"422",-1.15583169843132,0.0421738479811369
"423",-1.15230979404907,0.0410315388996468
"424",-1.15022921244153,0.0404156769355895
"425",-1.14157219953152,0.0339253701328194
"426",-1.12275311357039,0.0198495896303268
"427",-1.11685955402998,0.0193378154361976
"428",-1.10596423057839,0.0120225488871663
"429",-1.11575766723316,0.0180586117764429
"430",-1.11680443667239,0.0194627174148183
"431",-1.10843353612543,0.0132509156041755
"432",-1.11043256244266,0.0155678809365802
"433",-1.12333892952448,0.021949779342
"434",-1.10428211661614,0.0076585828139773
"435",-1.1042651725811,0.00899871520451662
"436",-1.05854242417271,-0.0257731926378018
"437",-1.04845136615779,-0.0310912744114832
"438",-1.03843217619982,-0.0307499710389683
"439",-1.01597569117329,-0.0497911912808793
"440",-0.988996851600284,-0.0623651027002509
"441",-0.982312336886244,-0.0511519060693383
"442",-0.969050169822505,-0.0650700218687871
"443",-0.968724396169923,-0.0796975032910855
"444",-0.953892554069206,-0.0780980890430856
"445",-0.965884389116445,-0.0682564206410473
"446",-0.972778220990083,-0.0623965986315241
"447",-0.965170806271475,-0.0694557121695783
"448",-0.959606460385117,-0.0605400869669336
"449",-0.942469054106666,-0.0599618271768357
"450",-0.961899086635713,-0.0527379995073777
"451",-0.96308171331247,-0.0503005418200442
"452",-0.982291616638885,-0.0363785035223491
"453",-0.974540710418908,-0.0406400437608082
"454",-0.973350124443935,-0.0352958669127318
"455",-0.959920867723445,-0.0367141692151702
"456",-0.968370870374365,-0.010847017843774
"457",-0.972796746867569,-0.00409576796206734
"458",-0.945764520830626,0.0851302716480998
"459",-0.973620728052777,0.015711867507601
"460",-0.95221985676386,0.0152833913306789
"461",-0.919990627075261,-0.0167359242870992
"462",-0.952129472890075,0.000249935442826255
"463",-0.954731290934906,0.0122048252487645
"464",-0.945327497138548,0.00375026300452175
"465",-0.962532194805588,0.0122873920135677
"466",-0.965116962366808,0.0142215354016971
"467",-0.968078394683813,0.0141168771610831
"468",-0.936272792651165,-0.00384650348211524
"469",-0.924464527675077,-0.00920170641572293
"470",-0.927421380658642,-0.0129266338614377
"471",-0.919042043331719,-0.0165287454203696
"472",-0.919782602386805,-0.0191511170146077
"473",-0.922838877131375,-0.0163896193352233
"474",-0.926879245376909,-0.0114123104220019
"475",-0.938918992336349,-0.0118836038224771
"476",-0.934296262475782,-0.0142211325205046
"477",-0.925086996834754,-0.013049574296581
"478",-0.912339590271662,-0.0286016662912094
"479",-0.905463149135741,-0.0340515142716554
"480",-0.902752868610148,-0.0342305627194596
"481",-0.901071678344206,-0.0332178348266558
"482",-0.895951336096577,-0.030970714962992
"483",-0.865996751444658,-0.0332645762569698
"484",-0.839904859749392,-0.0120232515569644
"485",-0.797156607404898,-0.0261792708919829
"486",-0.789302661791399,-0.0215158382214414
"487",-0.798903601146768,-0.0122457634021844
"488",-0.802492174675514,-0.00974476349943559
"489",-0.750026309420867,-0.0262729093503778
"490",-0.684638639095232,-0.00274634999294371
"491",-0.650863066515821,-0.00345936894445925
"492",-0.614358774542397,-0.00169720969212037
"493",-0.550133511280022,0.0512546440787807
"494",-0.51155165029336,0.168114822759905
"495",-0.546847592640668,0.0929397048945684
"496",-0.510304272965146,0.153554876399434
"497",-0.521674619037323,0.15367984820184
"498",-0.528253691231984,0.220897008964467
"499",-0.506545344399611,0.217144264845171
"500",-0.497159850845681,0.230515871308056
"501",-0.463483188625524,0.337464351404035
"502",-0.41743483891364,0.474295538545271
"503",-0.347430581735265,0.560222308482962
"504",-0.322678213971987,0.503579799880688
"505",-0.302247686476972,0.429778133506219
"506",-0.274994678987102,0.470210937816714
"507",-0.261563085439971,0.437722875891
"508",-0.242858641823943,0.36798128400307
"509",-0.129746694717635,0.359401886734591
"510",-0.0834426069200525,0.263455573607367
"511",-0.263479985241569,0.242609822122173
"512",-0.286423521032412,0.342248610322175
"513",-0.407984695665719,0.24222640841172
"514",-0.336014809534105,0.260621784644181
"515",-0.267270210697101,0.249854137186018
"516",-0.241434321843557,0.200863868843745
"517",-0.152084146094032,0.252198060208991
"518",-0.0491177889987688,0.411907261573596
"519",-0.0718731886503779,0.315500286582172
"520",-0.083122375926471,0.317261411918378
"521",-0.0391699134605419,0.319467339934975
"522",-0.015940347964363,0.289838068285855
"523",-0.0034025574795237,0.291668087432159
"524",-0.0430381114935771,0.288230647884424
"525",-0.00901141075065787,0.296976365239534
"526",0.0227945702005638,0.285711186612992
"527",0.106471970669175,0.243898725337066
"528",0.210543591412023,0.192984891104748
"529",0.220408285743042,0.203688097323321
"530",0.259956377798465,0.206391863043458
"531",0.143684399837411,0.232099366888115
"532",0.121747795938799,0.201635917509293
"533",0.1800593541598,0.184663260261371
"534",0.322461407095306,0.117991496339428
"535",0.307158099230286,0.119212125503284
"536",0.376084604240019,0.119183814595186
"537",0.370765967265687,0.189441216556464
"538",0.260689346774678,0.138297427673635
"539",0.274564851467079,0.135566530185669
"540",0.306546436010883,0.15786367703766
"541",0.215841578625697,0.156400503885829
"542",0.123789091595931,0.135469957818104
"543",0.0301256932513231,0.138547143186334
"544",0.139082864693594,0.14506542780161
"545",0.222311355378131,0.142986891010962
"546",0.141848936449803,0.13699292147197
"547",0.107808433400061,0.118151885818548
"548",0.0332279641927992,0.125726995161742
"549",0.127363508225833,0.128256098843612
"550",0.15744393251331,0.08783374445311
"551",0.209137273876918,0.0207221581539496
"552",0.240633320892953,0.00223711564584793
"553",0.230496222489037,0.00589753979330335
"554",0.0974834817020021,0.0173944471298324
"555",0.173419266703962,-0.0384207821642317
"556",0.113847743837484,-0.0130538529890471
"557",-0.0502174736898745,-0.0371668697482396
"558",-0.116822228006581,-0.0362814670197711
"559",0.0122525012644688,-0.0377607746353775
"560",-0.0524972066235899,-0.0233097420386218
"561",-0.114244994640336,-0.0093800091016578
"562",-0.237918472944667,0.0128272132229462
"563",-0.294636645578895,-0.0359523722832056
"564",-0.159968514706081,-0.0173122250877411
"565",-0.0712483234010199,-0.0131153716860057
"566",-0.171336392338973,-0.0283352322943125
"567",0.0013780363867889,-0.035613949254782
"568",-0.0216149543791797,-0.0582478635190792
"569",0.043205841070292,-0.0484731750125017
"570",0.0227661922346082,-0.0384588399568844
"571",0.0357389719526528,-0.0688909774969497
"572",-0.054246922801811,-0.0787438444543765
"573",-0.0620707840277841,-0.0794780710285629
"574",-0.0600463506365755,-0.0805791991575697
"575",-0.118004250232119,-0.0777415501995041
"576",-0.0792501230587439,-0.0695993285942811
"577",-0.130918591342827,-0.0577192218528045
"578",-0.100899834000814,-0.0708165386458527
"579",-0.0227512005609474,-0.0597239291578584
"580",-0.0572805036184507,-0.0630081125865199
"581",-0.0250237804663905,-0.0685493023809868
"582",-0.0290841282408928,-0.072208607658628
"583",0.0691009942561381,-0.0715402296593134
"584",0.0729606975308816,-0.0699118095811525
"585",0.0981258946433076,-0.088185569516243
"586",0.199304656834534,-0.075976480015976
"587",0.164987787652966,-0.0860911104385364
"588",0.164461255757311,-0.090407644255159
"589",0.18941986501634,-0.102701812228062
"590",0.171493958380786,-0.107982547569448
"591",0.125917004672716,-0.105262110111408
"592",0.138177086871834,-0.103891438947589
"593",0.0929952187028978,-0.117830972729058
"594",0.179001954046328,-0.158849456140826
"595",0.179851055659898,-0.168656640390351
"596",0.164209492163006,-0.169426813805067
"597",0.264723714960733,-0.267081421149373
"598",0.294150566468854,-0.265643598774473
"599",0.375956766831784,-0.187744754424599
"600",0.422276343664723,-0.106289339873352
"601",0.484727664651027,-0.139759094293791
"602",0.481258935884892,-0.207976407526275
"603",0.496971452387503,-0.215060471851634
"604",0.645288764526817,-0.356523474941922
"605",0.668197487681174,-0.371661910572598
"606",0.692800688487142,-0.323891766474109
"607",0.745815009483826,-0.343867693826364
"608",0.816308236738055,-0.349244591601613
"609",0.92271738459868,-0.349851297935446
"610",1.05269503942275,-0.468528775654798
"611",0.802759509402075,-0.405789730567811
"612",0.824987631728704,-0.407513025660285
"613",0.561068384925922,-0.341406892111205
"614",0.658187496037476,-0.363147949203743
"615",0.808048942274488,-0.410991842744871
"616",0.783393436107539,-0.408787625833587
"617",0.637045234600209,-0.376977502619142
"618",0.607021061790119,-0.354662314308195
"619",0.574555660973452,-0.323406090422321
"620",0.56453949700322,-0.325334946283194
"621",0.5523722920019,-0.336029104839043
"622",0.428407402983476,-0.294567091006334
"623",0.0808857536475134,-0.170299775092718
"624",0.290490331375845,-0.247329283050763
"625",0.306935719705622,-0.274704608232078
"626",0.325686446579076,-0.288744556710061
"627",0.486631563097941,-0.325390901888592
"628",0.410214825993425,-0.310071196872245
"629",0.42889159382701,-0.334474525287279
"630",0.312404362151264,-0.31042080714371
"631",0.355177342762678,-0.332649306276813
"632",0.429613831178621,-0.339289414535261
"633",0.367165665524035,-0.302612007780397
"634",0.467184985577995,-0.339906940061979
"635",0.449891023411024,-0.321938880748599
"636",0.559852617308011,-0.31867374619357
"637",0.509611442626821,-0.310585631071217
"638",0.445680240871987,-0.289936322431162
"639",0.487216815180214,-0.298423711938893
"640",0.471949127640821,-0.259284843190919
"641",0.426423141760734,-0.247929997874189
"642",0.385468083966809,-0.221110277926536
"643",0.406497610368494,-0.209726542640052
"644",0.447443557078973,-0.167485980129089
"645",0.469439281464476,-0.177817512803375
"646",0.495431597105485,-0.176569603404035
"647",0.527081363891547,-0.0887674837690195
"648",0.412163869850507,-0.0996593890914907
"649",0.443349251260025,-0.0998582206285489
"650",0.471486190340508,-0.101940006002054
"651",0.501981679763706,-0.173623695473782
"652",0.60480561054055,-0.165884405984679
"653",0.651249716162929,-0.213765561959319
"654",0.656628628895627,-0.193365237450203
"655",0.626103685744392,-0.192860264053013
"656",0.517220178136708,-0.21458390675885
"657",0.501845606523405,-0.241736012094035
"658",0.476910164549873,-0.239856323476816
"659",0.454511036729063,-0.244350961446797
"660",0.416222733774596,-0.213923282122722
"661",0.380683372489378,-0.217480442879705
"662",0.350850294575007,-0.235304707438592
"663",0.412064953433323,-0.233423430635235
"664",0.405818620598047,-0.232524881920493
"665",0.396992941591655,-0.227742714054504
"666",0.384765460091642,-0.221484366504262
"667",0.35891435761593,-0.210256986149939
"668",0.416281659314426,-0.231093631889445
"669",0.421995237817862,-0.229033440303635
"670",0.391743323736335,-0.223039150335925
"671",0.325974502263391,-0.212213046744096
"672",0.327847532760025,-0.191440094604993
"673",0.405650956381091,-0.208756673982855
"674",0.378552625684141,-0.206247233278912
"675",0.365984179051978,-0.207084629293198
"676",0.371150413359082,-0.205878832727854
"677",0.437473342564286,-0.255812521853708
"678",0.534565466174095,-0.27972566667304
"679",0.589022175038746,-0.309155573983073
"680",0.499665881737723,-0.307371650103241
"681",0.590817211017409,-0.338245965464873
"682",0.790699694324893,-0.573873578594367
"683",0.714465624551044,-0.469418998429583
"684",0.761782876337032,-0.462303287401519
"685",0.7663829401843,-0.461913053907434
"686",0.837828638829424,-0.467028702259668
"687",0.821193073797501,-0.4605764414295
"688",0.919553955070374,-0.508599182453396
"689",0.935109010979281,-0.494693362216655
"690",1.05108122357253,-0.546803874228604
"691",1.0211382366854,-0.559576527194926
"692",1.22778626692952,-0.681627160565878
"693",1.25869911104209,-0.661521309711925
"694",1.40218094576114,-0.67534316350631
"695",1.61728436679561,-0.840449477555166
"696",1.56940514812192,-0.802237097197125
"697",1.62679205188055,-0.835795862720858
"698",1.64687345894206,-0.771416383385549
"699",1.5699635937364,-0.901043541965736
"700",1.75209311324904,-1.04237933306234
"701",1.94723168465371,-1.12584531512416
"702",1.90841596187261,-1.1080654663548
"703",1.91846962829997,-1.105928297586
"704",1.95817673407809,-1.12802942233395
"705",1.83669799050345,-1.08365429897567
"706",1.63741111781632,-1.01135323338325
"707",1.58404209748438,-1.01216736450683
"708",1.95239440922949,-1.176688580148
"709",2.22316052043339,-1.35668054927923
"710",2.02328767572159,-1.27281549584148
"711",2.80683074640454,-1.73708957772134
"712",4.2212898204621,-2.34280737376422
"713",4.23253518550643,-1.99149268789005
"714",4.60064527805323,-1.17724755434794
"715",4.53176197444569,-1.45632386868094
"716",4.73616695679095,-1.6093261866574
"717",5.04657940526049,-1.90866871676404
"718",5.59109141903696,-2.1171202336099
"719",5.52513830423353,-2.08445058728474
"720",5.7185102625774,-2.34298695502046
"721",6.0248485968459,-1.43458517855875
"722",4.89807720632915,-1.05800586359145
"723",5.25089205158971,-1.25134625164761
"724",4.97029777736991,-1.15002332850657
"725",5.04924481297992,-1.13525583470071
"726",5.41558321535298,-1.13192936044467
"727",5.36031080263808,-0.70391680840043
"728",5.22242371685604,-0.483761381158345
"729",5.97004728938412,0.871154961293211
"730",5.32227505271003,1.12994908279726
"731",5.7763759029892,1.17785269619226
"732",5.87860822586583,1.31894931154368
"733",6.67942113646553,1.22900408688983
"734",7.33581935250775,2.37290367419539
"735",7.27963790215759,2.42435815161524
"736",7.03503994660975,2.02834546867651
"737",7.65462086292153,1.98692213524561
"738",7.94999085672838,2.29318575894358
"739",7.27992542666528,1.80582492330876
"740",7.12805903015796,1.15864223566891
"741",6.93581276739683,0.936776793826601
"742",6.38460455644346,1.16048459691353
"743",6.852134146888,1.22655036028632
"744",7.29251522979955,1.00331609754552
"745",6.7219458421589,0.942574384120487
"746",6.23078148685361,0.730764842725551
"747",4.55281378216679,0.279673931234991
"748",4.81878636483109,0.48097349966861
"749",5.16915907802573,0.924237593473077
"750",5.22646435649456,0.828044530117649
"751",5.73558487359676,0.673344759126973
"752",4.99269811662183,0.548867786351867
"753",4.68914615385457,0.634788802983977
"754",4.64710326503123,0.645370227822602
"755",4.87482413397145,0.636624796543535
"756",4.77796684009717,0.51825843272074
"757",4.63273656846092,0.381317539346184
"758",4.77874376076594,0.386328731998757
"759",5.3195476841083,0.538666690709871
"760",4.92555289978824,0.506076513102566
"761",4.28746041178286,0.403352939069208
"762",4.42329746481805,0.451760740772074
"763",3.75234830480881,0.322121699754444
"764",3.38590773524449,0.303458271911407
"765",3.8369360793779,0.194608506197223
"766",3.1634957382677,0.112326360907896
"767",2.44268191567415,0.10429752277036
"768",2.94295687179518,0.0689016522840389
"769",2.79901571954511,0.00108943097162262
"770",3.21719020130462,-0.0590628534885507
"771",3.64907126627839,0.0895640019610078
"772",3.6583891012982,0.355161356778584
"773",3.37070546908343,0.330996667838051
"774",3.71507457421501,0.36202270252664
"775",3.55039529949188,0.305787161093635
"776",4.38405110166346,0.163725371682283
"777",4.47245818433661,0.0462923068579135
"778",4.53849245879571,0.00915027429714521
"779",4.77304767821,0.0742480708485551
"780",4.33481117472513,0.0212082100763007
"781",4.5567586948487,-0.0057164466628008
"782",4.3469109307262,-0.146322665298084
"783",3.99563186548373,-0.15847307841267
"784",3.68196949180743,-0.133304658382658
"785",3.92895218474242,-0.111682860292993
"786",3.7713051561262,-0.127041550332077
"787",3.87121764336555,-0.195712688163883
"788",4.00858734660302,-0.185015261609193
"789",3.96796061393437,-0.151210248015928
"790",3.74369854016285,-0.121470714065537
"791",3.92581323179189,-0.155569503613888
"792",3.87665370473193,-0.185995859626783
"793",3.87508603036131,-0.185097767164758
"794",4.04587408622166,-0.0176564316121059
"795",3.92193856432349,-0.105518892096153
"796",3.6558721332338,-0.0602150296111759
"797",3.2899515536396,0.00249640768932724
"798",3.03749534140983,-0.0122132049743569
"799",3.19218134089304,-0.0408592083704187
"800",2.96736304866128,-0.0673458984482267
"801",3.23888914193763,-0.10874299710025
"802",3.03218454207205,-0.077300703247055
"803",2.97672455115922,-0.0556564923300313
"804",2.52914809173711,-0.0683529964014001
"805",2.52056206125267,-0.0742446169735762
"806",2.52201637165211,-0.109550833781839
"807",2.21957832232755,-0.0856290439559592
"808",2.24109857636121,-0.0587520801553877
"809",2.43741266455204,0.0118754674951619
"810",2.50059378748035,-0.0961471310158291
"811",2.48592972671972,-0.141308874709694
"812",2.3464330339237,-0.133798993475028
"813",2.41077304757286,-0.214962367544635
"814",2.26963781353105,-0.170265751899917
"815",2.27423871996533,-0.154241712454571
"816",2.02845162724224,-0.145725132626096
"817",1.78544823161485,-0.0548669729366357
"818",1.75459156304452,-0.025691580544222
"819",1.40446272150939,-0.0398633757063676
"820",1.41147336710806,-0.0403796597817836
"821",1.3931559359808,-0.0214119128613489
"822",1.30629303738965,-0.0358069422811527
"823",1.40092419301566,-0.0614095160171749
"824",1.67076203553662,-0.0780790672642661
"825",1.35634463466142,-0.0435986051940049
"826",1.36395321003293,-0.0504839052420392
"827",1.26108122336498,-0.0282317927451998
"828",1.33919455327693,-0.035905747017686
"829",1.41610020634108,-0.0383154187145671
"830",1.3572091898493,-0.0245049652620067
