Date,BTC Close,ETH Close,LTC Close,DASH Close,XRP Close
1/1/2017,995.440002,8.14,4.42,11.06,0.006346
1/2/2017,1017.049988,8.33,4.54,11.62,0.006312
1/3/2017,1033.300049,9.59,4.51,12.22,0.006411
1/4/2017,1135.410034,10.88,4.42,15.49,0.00641
1/5/2017,989.349976,10.2,4.16,13.63,0.006276
1/6/2017,886.159973,10.07,3.76,11.21,0.006222
1/7/2017,888.869995,9.78,3.82,11.72,0.006363
1/8/2017,900.859985,10.27,3.91,12.31,0.006251
1/9/2017,899.780029,10.2,4.25,12.12,0.006176
1/10/2017,904.369995,10.55,4.47,12.16,0.006815
1/11/2017,785.429993,9.83,3.84,11.14,0.006543
1/12/2017,810.109985,9.81,3.94,12.17,0.006359
1/13/2017,824.830017,9.78,3.86,12.35,0.006669
1/14/2017,819.630005,9.78,3.89,12.25,0.006795
1/15/2017,821.169983,9.88,3.85,12.26,0.00681
1/16/2017,827.340027,9.59,3.82,12.8,0.00678
1/17/2017,899.659973,10.14,3.89,14.04,0.00683
1/18/2017,872.030029,10.19,3.8,13.79,0.0068
1/19/2017,895.210022,10.43,3.82,15.01,0.00684
1/20/2017,892.909973,10.6,3.84,14.9,0.0066
1/21/2017,919.840027,10.91,3.85,14.79,0.00684
1/22/2017,918.840027,10.71,3.81,14.98,0.00678
1/23/2017,921.460022,10.78,3.82,15.03,0.00669
1/24/2017,893.75,10.51,3.75,14.03,0.0065
1/25/2017,894.409973,10.51,3.66,14.26,0.00649
1/26/2017,915.559998,10.65,3.81,14.75,0.0063
1/27/2017,918.01001,10.51,3.85,15.13,0.00636
1/28/2017,918.51001,10.54,3.84,15.09,0.00639
1/29/2017,914.549988,10.47,3.82,15.27,0.00631
1/30/2017,920.72998,10.62,3.99,15.79,0.00645
1/31/2017,965.48999,10.71,4.02,15.94,0.00641
2/1/2017,982.429993,10.71,4,15.69,0.00649
2/2/2017,1003.969971,10.78,4.03,16.01,0.0064
2/3/2017,1013.02002,10.95,3.99,16.9,0.00638
2/4/2017,1031.849976,11.32,3.96,16.879999,0.00644
2/5/2017,1016.109985,11.22,3.97,16.51,0.00629
2/6/2017,1024.670044,11.32,3.93,16.5,0.00638
2/7/2017,1049.560059,11.45,3.93,16.82,0.00641
2/8/2017,1055.48999,11.39,3.93,16.889999,0.00635
2/9/2017,978.960022,10.94,3.67,16.049999,0.00628
2/10/2017,997.609985,11.34,3.76,16.91,0.00631
2/11/2017,1008.320007,11.43,3.81,17.059999,0.00638
2/12/2017,996.52002,11.42,3.73,16.809999,0.00627
2/13/2017,995.359985,11.39,3.74,16.719999,0.00624
2/14/2017,1008.340027,13,3.8,18.040001,0.00622
2/15/2017,1008.190002,12.97,3.81,19.389999,0.0061
2/16/2017,1031.930054,12.95,3.84,19.27,0.00593
2/17/2017,1049.410034,12.72,3.83,19.75,0.00587
2/18/2017,1052.280029,12.83,3.78,21.07,0.00554
2/19/2017,1048.890015,12.82,3.75,22.219999,0.00591
2/20/2017,1077.560059,12.52,3.73,21.17,0.00596
2/21/2017,1119.030029,12.77,3.78,20.860001,0.00585
2/22/2017,1120.459961,12.69,3.8,21.5,0.00583
2/23/2017,1171.910034,13.13,3.8,24.42,0.00585
2/24/2017,1176.48999,13.11,3.87,25.52,0.0056
2/25/2017,1149.050049,13.57,3.85,26.6,0.00563
2/26/2017,1171.579956,14.59,3.82,27.639999,0.0057
2/27/2017,1188.829956,15.55,3.83,27.92,0.00556
2/28/2017,1189.27002,16.07,3.77,32.43,0.00557
3/1/2017,1222.660034,17.549999,3.8,41.400002,0.00539
3/2/2017,1255.469971,19.08,3.96,42.130001,0.00606
3/3/2017,1283.300049,19.48,4.02,47.25,0.00649
3/4/2017,1264.319946,18.610001,3.98,43.02,0.0062
3/5/2017,1271.219971,19.219999,3.97,42,0.00604
3/6/2017,1277.01001,19.75,4.05,45.799999,0.00604
3/7/2017,1232.689941,18.91,3.96,45.41,0.00673
3/8/2017,1146.969971,16.540001,3.8,41.330002,0.0065
3/9/2017,1191.329956,17.709999,3.89,50.389999,0.00648
3/10/2017,1112.390015,19.129999,3.78,49.669998,0.00617
3/11/2017,1179.219971,21.450001,3.8,72.559998,0.00625
3/12/2017,1225.109985,23.309999,3.87,76.029999,0.00632
3/13/2017,1238.189941,28.450001,4.36,74.639999,0.00644
3/14/2017,1243.140015,28.58,4.17,87.690002,0.00639
3/15/2017,1253.430054,35.18,4.26,96,0.00625
3/16/2017,1172.880005,45.509998,4.33,89.489998,0.0063
3/17/2017,1071.709961,44.48,4.2,98.519997,0.00597
3/18/2017,971.380005,34,4.05,108.739998,0.00688
3/19/2017,1022.599976,43.119999,3.98,108.589996,0.00669
3/20/2017,1047.51001,42.509998,4.12,101.870003,0.0069
3/21/2017,1121.290039,42.669998,4.09,98.080002,0.00682
3/22/2017,1044.719971,41.650002,3.98,103.449997,0.00719
3/23/2017,1035.030029,43.200001,4.02,102.43,0.011
3/24/2017,939.700012,53.189999,4.18,101.940002,0.01062
3/25/2017,966.299988,50.619999,4.13,94.989998,0.00888
3/26/2017,969.440002,50.630001,4.1,94.129997,0.00937
3/26/2017,1045.140015,49.060001,4.1,84.989998,0.00943
3/27/2017,1044.420044,50.25,4.2,87.660004,0.00955
3/28/2017,1041.900024,53.07,4.32,84.760002,0.01015
3/29/2017,1037.910034,51.91,7.5,78.449997,0.01383
3/30/2017,1079.109985,49.91,7.1,72.400002,0.0214
3/31/2017,1086.119995,50.599998,7.48,67.419998,0.022
4/1/2017,1097.400024,48.549999,8.22,56,0.0615
4/2/2017,1147.560059,44.130001,8.57,62.450001,0.03201
4/3/2017,1141.77002,44.43,8.97,68.639999,0.03787
4/4/2017,1129.869995,44.900002,12.39,74.040001,0.03559
4/5/2017,1188.699951,43.23,10.7,66.059998,0.0332
4/6/2017,1190.48999,42.310001,9.89,66.139999,0.03715
4/7/2017,1180.780029,44.369999,10.66,67.239998,0.03575
4/8/2017,1204.339966,43.720001,9.21,65.040001,0.03421
4/9/2017,1206.709961,43.740002,9.8,61.389999,0.03404
4/10/2017,1220.73999,43.740002,9.66,60.869999,0.03316
4/11/2017,1212.530029,46.380001,11.6,67.400002,0.03455
4/12/2017,1176.199951,49.970001,11.06,72.809998,0.03422
4/13/2017,1177.329956,47.32,11.67,71.800003,0.03348
4/14/2017,1176.98999,48.889999,11.67,74.709999,0.03381
4/15/2017,1176.800049,48.220001,11.73,75.190002,0.03306
4/16/2017,1194.01001,47.939999,11.26,75.440002,0.03333
4/17/2017,1206.089966,49.880001,11.06,72.470001,0.03281
4/18/2017,1215.199951,47.880001,10.29,72.339996,0.03035
4/19/2017,1238.089966,49.360001,10.97,71.040001,0.02999
4/20/2017,1249.640015,48.27,12,70.839996,0.03355
4/21/2017,1240.890015,48.41,14.05,70.959999,0.0316
4/22/2017,1249.140015,48.75,15.15,70.239998,0.03141
4/23/2017,1248.180054,49.939999,14.87,71.629997,0.03151
4/24/2017,1264.310059,50.09,15.06,71.199997,0.03224
4/25/2017,1286.630005,53.279999,14.89,71.309998,0.03275
4/26/2017,1332.910034,63.139999,14.66,77.709999,0.03523
4/27/2017,1329.619995,72.419998,14.25,78.550003,0.045
4/28/2017,1336.280029,69.830002,15.75,93.07,0.05383
4/29/2017,1351.910034,79.830002,15.63,89.360001,0.05218
4/30/2017,1415.810059,77.529999,15.74,84.769997,0.05383
5/1/2017,1445.930054,77.25,15.57,83.730003,0.05382
5/2/2017,1485.550049,80.370003,20.530001,85.589996,0.06108
5/3/2017,1516.76001,94.550003,22.950001,86.449997,0.08
5/4/2017,1507.77002,90.790001,25.200001,92.550003,0.09139
5/5/2017,1545.290039,94.82,27.459999,94.379997,0.1001
5/6/2017,1554.449951,90.459999,29.5,100.93,0.1391
5/7/2017,1664.469971,88.389999,28.1,95.870003,0.1917
5/8/2017,1697.5,86.269997,31.77,86.730003,0.1564
5/9/2017,1752.310059,87.830002,31.280001,87.650002,0.187
5/10/2017,1819.290039,88.199997,29.879999,88.629997,0.1837
5/11/2017,1686.390015,85.150002,26.76,85.230003,0.2069
5/12/2017,1763.73999,87.959999,28.139999,86.989998,0.2102
5/13/2017,1772.550049,88.720001,28.07,87.279999,0.2171
5/14/2017,1708.920044,90.32,24.5,88.75,0.2631
5/15/2017,1729.339966,87.800003,22.83,83.32,0.325
5/16/2017,1801.300049,86.980003,25.059999,81.849998,0.375
5/17/2017,1880.98999,95.879997,27.879999,87.190002,0.3575
5/18/2017,1962,124.379997,27.27,96.139999,0.3224
5/19/2017,2040.180054,123.059998,27.42,97.389999,0.3449
5/20/2017,2044.189941,148,26.02,99.849998,0.324
5/21/2017,2124.409912,160.389999,24.790001,119.339996,0.2988
5/22/2017,2272.580078,169.5,31.360001,131.800003,0.3229
5/23/2017,2445.280029,193.029999,34.799999,142.5,0.29
5/24/2017,2307.219971,177.330002,28.32,115.709999,0.24
5/25/2017,2244.889893,162.830002,24.450001,108.949997,0.276
5/26/2017,2052.429932,156.630005,22.83,96.580002,0.21
5/27/2017,2189.02002,172.860001,23.889999,104.970001,0.2281
5/28/2017,2278.209961,194.169998,25.33,114.099998,0.2324
5/29/2017,2192.550049,228.580002,23.889999,119.190002,0.2042
5/30/2017,2303.340088,228.639999,25.91,132.690002,0.2475
5/31/2017,2412.649902,220.699997,27.549999,133.529999,0.3364
6/1/2017,2492.600098,222.039993,28.27,142.910004,0.2959
6/2/2017,2545.429932,224.300003,27.27,140.899994,0.2921
6/3/2017,2524.060059,244.960007,27.889999,141.660004,0.2941
6/4/2017,2704.959961,247.75,30.780001,143.889999,0.2888
6/5/2017,2870.5,264.26001,30.07,140.869995,0.284
6/6/2017,2691.51001,255.770004,28.469999,138.410004,0.2762
6/7/2017,2798.780029,259.410004,29.9,141.220001,0.2869
6/8/2017,2811.429932,279.109985,29.540001,144.860001,0.2814
6/9/2017,2900.25,335.950012,30.059999,148.470001,0.2598
6/10/2017,2973.449951,339.679993,33.630001,181.729996,0.2701
6/11/2017,2656.77002,394.660004,28.98,167.800003,0.2467
6/12/2017,2712.98999,388.089996,30.379999,180.210007,0.2626
6/13/2017,2467.27002,343.839996,29.190001,163.259995,0.2623
6/14/2017,2442.459961,344.679993,29.290001,161.080002,0.245
6/15/2017,2508.580078,353.609985,34.119999,162.179993,0.2506
6/16/2017,2655.100098,368.100006,45.799999,175.270004,0.2597
6/17/2017,2539.560059,351.529999,43.799999,187.059998,0.2651
6/18/2017,2616.820068,358.200012,47.369999,194.5,0.281
6/19/2017,2754.379883,350.529999,45.68,188.169998,0.308
6/20/2017,2677.620117,325.299988,44.5,178.960007,0.2726
6/21/2017,2722.840088,320.970001,46.16,180.850006,0.2779
6/22/2017,2710.370117,326.850006,46,184.690002,0.2916
6/23/2017,2590.050049,304.540009,42.700001,177.990005,0.2775
6/24/2017,2541.620117,279.359985,41.279999,169.589996,0.2577
6/25/2017,2446.050049,253.679993,38.529999,160.720001,0.2461
6/26/2017,2583.75,286.140015,40.240002,172.979996,0.2618
6/27/2017,2577.73999,315.859985,41.889999,179.619995,0.2686
6/28/2017,2558.370117,292.899994,40.130001,172.130005,0.2561
6/29/2017,2480.610107,280.679993,39.48,173.699997,0.2466
6/30/2017,2424.610107,261,38.080002,162.009995,0.2386
7/1/2017,2536.459961,283.98999,41.259998,169.779999,0.2537
7/2/2017,2572.469971,276.410004,45.34,178.550003,0.2523
7/3/2017,2617.320068,269.049988,54.509998,181.399994,0.2473
7/4/2017,2627.860107,266,52.919998,204.919998,0.252
7/5/2017,2614.23999,265.880005,51.040001,207.710007,0.2506
7/6/2017,2513.879883,240.940002,46.099998,190.589996,0.2303
7/7/2017,2564.860107,245.669998,51.220001,208.100006,0.23
7/8/2017,2511.429932,237.720001,48.630001,195.490005,0.2261
7/9/2017,2344.02002,205.759995,45,174.070007,0.1883
7/10/2017,2324.290039,190.550003,43.98,162.619995,0.1778
7/11/2017,2403.090088,224.149994,47.139999,177.729996,0.1958
7/12/2017,2362.439941,205.410004,45.689999,167.740005,0.1925
7/13/2017,2234.169922,197.139999,42.459999,159.509995,0.1843
7/14/2017,1975.079956,169.100006,38.41,141.880005,0.172
7/15/2017,1914.089966,155.419998,40.700001,131.350006,0.1461
7/16/2017,2233.389893,189.970001,42.169998,149.990005,0.1723
7/17/2017,2320.22998,227.089996,43.349998,154.610001,0.1788
7/18/2017,2282.580078,194.410004,40.110001,153.520004,0.163
7/19/2017,2866.02002,226.330002,44.349998,182.699997,0.1925
7/20/2017,2675.080078,216.330002,45.200001,182.039993,0.1835
7/21/2017,2836.530029,230.470001,46.470001,190.169998,0.1977
7/22/2017,2756.610107,228.320007,44.669998,188.710007,0.1966
7/23/2017,2763.419922,225.479996,44.77,201.479996,0.1915
7/24/2017,2582.580078,203.589996,42.299999,193.449997,0.1744
7/25/2017,2559.209961,202.880005,42.029999,192.220001,0.1723
7/26/2017,2691.879883,202.929993,41.889999,193.710007,0.1725
7/27/2017,2806.75,191.210007,40.43,184.580002,0.1633
7/28/2017,2733.5,206.139999,41.07,185.5,0.169
7/29/2017,2766.48999,196.779999,40.610001,171.410004,0.1633
7/30/2017,2883.27002,201.330002,42.380001,175.720001,0.1648
7/31/2017,2746.98999,225.899994,43.16,184.039993,0.1776
8/1/2017,2720.530029,218.119995,41.919998,181.600006,0.1709
8/2/2017,2809.98999,224.389999,42.75,187.639999,0.1748
8/3/2017,2878.48999,220.600006,43.310001,187.089996,0.1744
8/4/2017,3262.800049,253.089996,46.240002,192,0.1848
8/5/2017,3232.030029,264.559998,45.560001,188.770004,0.1802
8/6/2017,3401.909912,269.940002,46.110001,196.639999,0.1782
8/7/2017,3429.379883,296.51001,49.130001,203.309998,0.1967
8/8/2017,3348.790039,295.279999,47.779999,198.940002,0.1841
8/9/2017,3425.669922,298.279999,46.970001,201.009995,0.1809
8/10/2017,3654.370117,309.320007,47.110001,205.660004,0.1778
8/11/2017,3871.620117,308.019989,46.27,204.289993,0.1716
8/12/2017,4062.600098,296.619995,45.490002,196.899994,0.1657
8/13/2017,4327.939941,299.160004,45.700001,198.740005,0.1683
8/14/2017,4161.660156,286.519989,43.169998,202.639999,0.1577
8/15/2017,4387.399902,301.380005,43.970001,231.080002,0.1603
8/16/2017,4278.919922,300.299988,43.830002,234.740005,0.1578
8/17/2017,4105.370117,292.619995,46.740002,222.630005,0.1569
8/18/2017,4150.450195,293.019989,45.189999,286.579987,0.1526
8/19/2017,4066.600098,298.200012,45.810001,291.51001,0.1587
8/20/2017,4005.100098,321.850006,48.09,281.220001,0.1958
8/21/2017,4089.699951,313.369995,46.400002,291.76001,0.2421
8/22/2017,4141.089844,317.399994,53.439999,292.459991,0.2457
8/23/2017,4318.350098,325.279999,50.360001,313.339996,0.2173
8/24/2017,4364.410156,330.059998,51.09,314.959991,0.2167
8/25/2017,4352.299805,332.859985,51.580002,396.73999,0.2097
8/26/2017,4345.75,347.880005,61.080002,362.899994,0.2017
8/27/2017,4390.310059,347.660004,62.360001,356.559998,0.2252
8/28/2017,4597.310059,372.350006,63.759998,360.100006,0.2199
8/29/2017,4583.02002,383.859985,65.970001,371.609985,0.2319
8/30/2017,4735.109863,388.329987,73.029999,380.769989,0.2593
8/31/2017,4921.850098,391.420013,87.879997,395.459991,0.2529
9/1/2017,4573.799805,351.029999,79.18,348.089996,0.2252
9/2/2017,4612.919922,352.450012,79.040001,356.269989,0.2303
9/3/2017,4267.450195,303.700012,68.889999,313.649994,0.2045
9/4/2017,4409.080078,317.940002,73.730003,326.73999,0.2168
9/5/2017,4618.709961,338.920013,81.440002,349.76001,0.2314
9/6/2017,4635.600098,335.369995,80.25,346.980011,0.2271
9/7/2017,4326.450195,306.720001,73.190002,330.890015,0.2122
9/8/2017,4335.129883,303.790009,71.089996,324.839996,0.213
9/9/2017,4245.890137,299.209991,67.080002,324.26001,0.2173
9/10/2017,4217.899902,297.950012,68.129997,317.75,0.2143
9/11/2017,4158.919922,294.100006,65.889999,326.589996,0.2095
9/12/2017,3870.290039,275.839996,61.779999,298.959991,0.1983
9/13/2017,3243.080078,223.139999,45.200001,240.080002,0.1711
9/14/2017,3713.76001,259.570007,52,285.559998,0.1846
9/15/2017,3698.919922,254.490005,52.099998,300.269989,0.1828
9/16/2017,3689.610107,258.399994,51,312.089996,0.1814
9/17/2017,4100.279785,297.529999,56.16,335.579987,0.1933
9/18/2017,3907.959961,283,52.799999,325.950012,0.1848
9/19/2017,3882.159912,283.559998,51.560001,342.579987,0.1817
9/20/2017,3617.27002,257.769989,46.459999,329.850006,0.171
9/21/2017,3600.830078,262.940002,47.669998,342.609985,0.1728
9/22/2017,3788.02002,286.140015,49.290001,351.079987,0.1791
9/23/2017,3667.52002,282.600006,47.5,329.200012,0.1757
9/24/2017,3932.830078,294.890015,52.27,348.220001,0.1846
9/25/2017,3892.699951,288.640015,52.27,341.700012,0.1892
9/26/2017,4212.200195,309.970001,56.900002,350.51001,0.2099
9/27/2017,4195.649902,302.769989,54.91,342.359985,0.2023
9/28/2017,4172.790039,292.579987,52.799999,328.700012,0.1967
9/29/2017,4360.620117,302.769989,55.41,329.579987,0.1999
9/30/2017,4403.089844,303.950012,54.799999,317.01001,0.2083
10/1/2017,4401.319824,296.809998,53.290001,307.980011,0.2031
10/2/2017,4314.180176,291.809998,52.150002,294.5,0.2033
10/3/2017,4218.660156,291.679993,51.220001,303.320007,0.2135
10/4/2017,4321.439941,294.98999,51.639999,305.350006,0.238
10/5/2017,4371.939941,308.329987,52.080002,305.950012,0.2334
10/6/2017,4435.810059,311.26001,52.57,311.519989,0.2397
10/7/2017,4611.700195,309.48999,53.299999,301.970001,0.2799
10/8/2017,4777.490234,296.950012,50.080002,282.329987,0.2501
10/9/2017,4763.359863,298.459991,50.580002,290.929993,0.2582
10/10/2017,4824.200195,302.859985,50.790001,298.209991,0.2632
10/11/2017,5432.620117,302.890015,59.720001,290.809998,0.2464
10/12/2017,5637.259766,336.829987,59.049999,308.820007,0.2602
10/13/2017,5824.709961,338.809998,63.939999,316.350006,0.2556
10/14/2017,5688.140137,336.579987,65.57,308.890015,0.2652
10/15/2017,5759.330078,334.230011,64.760002,302.160004,0.2579
10/16/2017,5598.580078,316.140015,59.189999,299.480011,0.2295
10/17/2017,5575.830078,313.540009,60.549999,296.190002,0.217
10/18/2017,5698.649902,307.410004,59.68,293.700012,0.2139
10/19/2017,5993.109863,303.079987,60.09,287.540009,0.2082
10/20/2017,6006.649902,299.549988,58.09,276.660004,0.2097
10/21/2017,5982.859863,294.029999,56.509998,273.859985,0.2014
10/22/2017,5903.609863,285.269989,54.630001,279.390015,0.1917
10/23/2017,5513.080078,296.5,55.560001,291,0.2038
10/24/2017,5734,296.350006,56.189999,286.190002,0.2023
10/25/2017,5887.609863,295.540009,55.549999,284.859985,0.2019
10/26/2017,5764.560059,296.359985,55.02,280.559998,0.2001
10/27/2017,5726.609863,293.350006,54.220001,273.529999,0.1982
10/28/2017,6147.52002,304.040009,56.75,282.920013,0.2015
10/30/2017,6124.279785,306.799988,56.220001,284.929993,0.2024
10/31/2017,6451.240234,303.640015,55.5,277.230011,0.1975
11/1/2017,6737.779785,289.420013,52.830002,269.640015,0.1903
11/2/2017,7024.810059,284.920013,54.189999,263.220001,0.2003
11/3/2017,7152.120117,304.51001,55.98,276.790009,0.2059
11/4/2017,7363.799805,300.040009,54.830002,273.450012,0.2015
11/5/2017,7389.549805,296.230011,54.599998,272.220001,0.1997
11/6/2017,6959.22998,296.820007,54.5,273.869995,0.2013
11/7/2017,7102.75,291.839996,60.52,288.950012,0.2055
11/8/2017,7444.359863,307.350006,62.380001,313.200012,0.2167
11/9/2017,7129.589844,319.660004,64.150002,325.369995,0.2154
11/10/2017,6565.799805,296.859985,58.990002,325.890015,0.2033
11/11/2017,6339.859863,314.230011,62.139999,343.429993,0.2092
11/12/2017,5878.129883,306.019989,58.540001,487.140015,0.1915
11/13/2017,6522.450195,314.600006,61,421.660004,0.2001
11/14/2017,6597.060059,334.720001,62.130001,420.929993,0.205
11/15/2017,7283.220215,331.200012,63.16,420.679993,0.2083
11/16/2017,7853.680176,330.320007,70.699997,419.440002,0.2269
11/17/2017,7699.950195,331.720001,67.360001,423.940002,0.2239
11/18/2017,7780.910156,346.649994,69.419998,453.549988,0.2275
11/19/2017,8042.640137,354.600006,71.760002,442.390015,0.2321
11/20/2017,8244.69043,367.709991,72.379997,485.959991,0.2406
11/21/2017,8099.970215,360.519989,69.910004,491.660004,0.2318
11/22/2017,8234.549805,380.839996,72.029999,573.659973,0.2385
11/23/2017,8013.410156,406.570007,72.940002,561.549988,0.24
11/24/2017,8200.799805,470.429993,77.540001,560.919983,0.241
11/25/2017,8754.69043,464.609985,88.790001,636.119995,0.2488
11/26/2017,9318.419922,470.540009,86.239998,616.450012,0.245
11/27/2017,9733.200195,475.23999,90.989998,623.719971,0.247
11/28/2017,9906.040039,466.269989,94.220001,609.830017,0.2795
11/29/2017,9837.860352,427.420013,85.410004,667.549988,0.2353
11/30/2017,9946.759766,434.850006,85.940002,758.710022,0.2356
12/1/2017,10861.46973,461.579987,99.150002,781.52002,0.2473
12/2/2017,10912.73047,457.959991,99.32,764.950012,0.2441
12/3/2017,11246.20996,462.809998,100.699997,759.929993,0.2449
12/4/2017,11623.91016,466.929993,103.870003,764.640015,0.2462
12/5/2017,11667.12988,453.959991,100.489998,731.289978,0.2337
12/6/2017,13749.57031,422.480011,98.970001,667.349976,0.2182
12/7/2017,16850.31055,421.149994,96,660.26001,0.2035
12/8/2017,16047.61035,451.73999,125.239998,700.25,0.2337
12/9/2017,14843.41992,472.859985,155.979996,707.950012,0.2353
12/10/2017,15059.59961,436.48999,147.839996,669.630005,0.2271
12/11/2017,16732.4707,513.289978,214.539993,755.549988,0.2451
12/12/2017,17083.90039,656.52002,328.519989,881.349976,0.3555
12/13/2017,16286.82031,699.090027,305.269989,871.76001,0.4584
12/14/2017,16467.91016,693.580017,279.809998,927.76001,0.8507
12/15/2017,17604.84961,684.27002,300.269989,891.109985,0.7377
12/16/2017,19345.49023,692.830017,302.040009,987.530029,0.7397
12/17/2017,19065.71094,717.710022,319.570007,1084.540039,0.7114
12/18/2017,18972.32031,785.98999,357.51001,1142.439941,0.7558
12/19/2017,17523.69922,812.5,346.869995,1136.119995,0.7344
12/20/2017,16461.9707,799.169983,304.809998,1433.410034,0.7144
12/21/2017,15632.12012,789.390015,307.690002,1339.72998,1.12
12/22/2017,13664.96973,657.830017,262.089996,1099.650024,1
12/23/2017,14396.45996,700.440002,284.109985,1160.849976,1.01
12/24/2017,13789.9502,675.909973,272.23999,1096.430054,0.9782
12/25/2017,13833.49023,723.140015,268.209991,1109.099976,0.9805
12/26/2017,15756.55957,753.400024,279.48999,1180.569946,1.07
12/27/2017,15416.63965,739.940002,264.070007,1133.359985,1.21
12/28/2017,14398.7002,716.690002,249.860001,1103.060059,1.26
12/29/2017,14392.57031,739.599976,243.130005,1089.310059,1.93
12/30/2017,12531.51953,692.98999,212.070007,943.140015,1.86
12/31/2017,13850.40039,741.130005,226.520004,1013.890015,1.98
1/1/2018,13444.87988,756.200012,224.339996,1019.419983,2.05
1/2/2018,14754.12988,861.969971,251.809998,1162.469971,2.19
1/3/2018,15156.62012,941.099976,244.630005,1129.890015,2.73
1/4/2018,15180.08008,944.830017,238.300003,1120.119995,2.73
1/5/2018,16954.7793,967.130005,244.509995,1080.880005,2.51
1/6/2018,17172.30078,1006.409973,278.920013,1160.349976,2.65
1/7/2018,16228.16016,1117.75,271.570007,1161.97998,2.78
1/8/2018,14976.16992,1136.109985,254.25,1080.359985,2.41
1/9/2018,14468.5,1289.23999,246.039993,1107.160034,2.06
1/10/2018,14919.49023,1248.98999,249.100006,1098.329956,1.95
1/11/2018,13308.05957,1139.319946,226.529999,1000.419983,1.93
1/12/2018,13841.19043,1261.030029,235.350006,1049.48999,2.02
1/13/2018,14243.12012,1385.02002,257.940002,1098.150024,2
1/14/2018,13638.62988,1359.47998,236.860001,999.609985,1.83
1/15/2018,13631.98047,1278.689941,231.889999,934.659973,1.66
1/16/2018,11282.49023,1050.26001,183.860001,743.429993,1.15
1/17/2018,11162.7002,1024.689941,188.210007,794.789978,1.31
1/18/2018,11175.51953,1012.969971,191.029999,821.159973,1.57
1/19/2018,11521.75977,1037.359985,192.270004,843.869995,1.54
1/20/2018,12783.94043,1150.5,210.679993,925.099976,1.57
1/21/2018,11549.92969,1049.089966,190.729996,818.960022,1.37
1/22/2018,10814.51953,999.640015,179.419998,762.380005,1.34
1/23/2018,10858.23047,984.469971,177.919998,759.580017,1.34
1/24/2018,11429.01953,1061.780029,180.589996,787.919983,1.36
1/25/2018,11175.87012,1046.369995,178.970001,794.150024,1.3
1/26/2018,11104.2002,1048.579956,175.649994,782.76001,1.21
1/27/2018,11459.70996,1109.079956,180.710007,779.150024,1.22
1/28/2018,11767.74023,1231.579956,193.229996,821.25,1.36
1/29/2018,11233.9502,1169.959961,180.449997,770.75,1.27
1/30/2018,10107.25977,1063.75,165.380005,682.200012,1.11
1/31/2018,10226.86035,1111.310059,162.929993,701.950012,1.14
2/1/2018,9114.719727,1026.189941,141.369995,619.609985,0.9503
2/2/2018,8870.820313,917.469971,131.169998,594.48999,0.8989
2/3/2018,9251.269531,970.869995,161,636.409973,0.9595
2/4/2018,8218.049805,827.590027,147.550003,546.5,0.8166
2/5/2018,6937.080078,695.080017,125.040001,451.269989,0.6805
2/6/2018,7701.25,785.01001,141.850006,523.059998,0.7619
2/7/2018,7592.720215,751.809998,137.839996,520.830017,0.7157
2/8/2018,8260.69043,813.549988,149.479996,604.919983,0.781
2/9/2018,8696.830078,877.880005,163.899994,635.72998,0.9201
2/10/2018,8569.290039,850.75,154.910004,631.419983,1.03
2/11/2018,8084.609863,811.23999,149.059998,577.950012,0.9607
2/12/2018,8911.269531,865.27002,161.399994,616.929993,1.04
2/13/2018,8544.69043,840.97998,159.050003,592.840027,0.9866
2/14/2018,9485.639648,920.109985,212.009995,677.409973,1.13
2/15/2018,10033.75,927.950012,221.080002,696.01001,1.11
2/16/2018,10188.73047,938.02002,228.389999,694.159973,1.11
2/17/2018,11097.20996,974.77002,229.410004,739.429993,1.18
2/18/2018,10417.23047,913.900024,214.220001,686.099976,1.07
2/19/2018,11182.28027,939.789978,221.970001,727.719971,1.11
2/20/2018,11256.42969,885.52002,229.380005,686.25,1.03
2/21/2018,10481.66016,840.099976,210.259995,661.469971,0.9512
2/22/2018,9847.959961,804.630005,192.910004,629.409973,0.8904
2/23/2018,10175.50977,854.700012,206.600006,632.099976,0.9402
2/24/2018,9705.730469,833.48999,206.350006,591.640015,0.9009
2/25/2018,9610.110352,840.280029,218.309998,593.210022,0.9012
2/26/2018,10326.5,867.619995,218.619995,623.380005,0.9296
2/27/2018,10594.75977,871.580017,215.149994,612.049988,0.9276
2/28/2018,10334.44043,851.5,202.139999,585.690002,0.8853
3/1/2018,10929.37012,869.869995,209.320007,621.059998,0.9155
3/2/2018,11043.12012,855.599976,212.589996,605.830017,0.8983
3/3/2018,11465.36035,855.650024,210.289993,613.869995,0.8984
3/4/2018,11504.41992,864.830017,213.360001,621.97998,1
3/5/2018,11440.73047,849.419983,210.800003,615.210022,0.9427
3/6/2018,10735.4502,815.690002,196.580002,583.01001,0.9013
3/7/2018,9928.55957,751.130005,186.039993,514.900024,0.8535
3/8/2018,9316.719727,698.830017,175.820007,496.690002,0.8053
3/9/2018,9252.759766,726.919983,186.380005,502.01001,0.8236
3/10/2018,8797.269531,682.299988,177.300003,487.48999,0.775
3/11/2018,9544.839844,720.359985,188.389999,530.25,0.8173
3/12/2018,9142.150391,697.02002,177.850006,502.390015,0.7822
3/13/2018,9160.120117,689.960022,175.470001,490.76001,0.7777
3/14/2018,8217.700195,613.150024,160.770004,432.820007,0.6876
3/15/2018,8268.410156,610.559998,164.279999,419.049988,0.6841
3/16/2018,8283.230469,600.530029,164.949997,430.820007,0.6779
3/17/2018,7883.450195,549.789978,152.649994,392.899994,0.6278
3/18/2018,8215.400391,537.380005,153.940002,397.329987,0.65
3/19/2018,8623.139648,555.549988,161.509995,413.410004,0.7203
3/20/2018,8920.709961,557.570007,169.089996,429.950012,0.6996
3/21/2018,8911.349609,559.909973,168.710007,434.609985,0.6786
3/22/2018,8724.980469,539.890015,163.929993,412.429993,0.6523
3/23/2018,8934.799805,543.830017,168.850006,432.540009,0.6404
3/24/2018,8548.05957,520.159973,159.050003,423.049988,0.629
3/25/2018,8472.839844,523.01001,160.309998,414.640015,0.6341
3/25/2018,8152.200195,486.25,148.279999,391.359985,0.5874
3/26/2018,7808.47998,448.779999,134.880005,356.630005,0.5703
3/27/2018,7959.779785,445.929993,131.660004,353.019989,0.5733
3/28/2018,7106.620117,383.899994,114.660004,330.940002,0.5031
3/29/2018,6853.759766,393.820007,118.489998,312.929993,0.499
3/30/2018,6943.77002,394.070007,116.32,310.25,0.5003
3/31/2018,6835.839844,378.850006,115.110001,295.51001,0.4787
4/1/2018,7074.600098,384.679993,119.260002,316.25,0.4937
4/2/2018,7434.299805,415.929993,134.229996,342.119995,0.5473
4/3/2018,6815.5,378.649994,118.360001,303.130005,0.4903
4/4/2018,6790.450195,381.359985,118.760002,304.26001,0.4886
4/5/2018,6634.859863,370.350006,113.18,289.859985,0.4731
4/6/2018,6917.200195,384.980011,116.199997,299.670013,0.4847
4/7/2018,7049.919922,400.720001,117.870003,312.399994,0.4973
4/8/2018,6789.529785,399.019989,115.019997,299.829987,0.4862
4/9/2018,6871.069824,415.649994,114.410004,302.549988,0.4909
4/10/2018,6977.129883,430.420013,118.400002,312.690002,0.5399
4/11/2018,7927.72998,493.950012,129.710007,359.73999,0.6416
4/12/2018,7899.109863,494.959991,125.57,354.549988,0.6424
4/13/2018,8022.509766,502.790009,126.529999,360.470001,0.6401
4/14/2018,8376.730469,534.150024,132.699997,384.75,0.6935
4/15/2018,8079.77002,511.670013,128.839996,366.399994,0.6638
4/16/2018,7921.629883,503.029999,132.339996,368.140015,0.6548
