AAPL.Close,AXP.Close,BA.Close,CAT.Close,CSCO.Close,CVX.Close,DIS.Close,GE.Close,GS.Close,HD.Close,IBM.Close,INTC.Close,JNJ.Close,JPM.Close,KO.Close,MCD.Close,MMM.Close,MRK.Close,MSFT.Close,NKE.Close,PFE.Close,PG.Close,TRV.Close,UNH.Close,UTX.Close,V.Close,VZ.Close,WMT.Close,XOM.Close,DWDP.Close,,,,,,,,,,,,,,,,,,,,,,,,,,,,,,,
116.150002,75.349998,156.970001,93.989998,30.540001,117.849998,106.080002,31.690001,241.570007,134.309998,167.190002,36.599998,115.839996,87.230003,41.799999,119.620003,178.050003,60.150002,62.580002,51.98,33,84.199997,120.900002,161.449997,110.830002,79.5,54.580002,68.660004,90.889999,57.599998,,,,,,,,,,,,,,,,,,,,,,,,,,,,,,,
116.019997,76.260002,158.619995,93.57,30.1,117.82,107.440002,31.700001,243.130005,135.5,169.259995,36.41,115.650002,86.910004,41.650002,119.480003,178.320007,60.130001,62.299999,53.07,33.290001,84.5,120.25,161.910004,110.900002,80.150002,54.52,69.059998,89.889999,58.060001,,,,,,,,,,,,,,,,,,,,,,,,,,,,,,,
116.610001,75.32,158.710007,93,30.17,117.309998,107.379997,31.52,241.320007,133.899994,168.699997,36.349998,116.860001,86.110001,41.75,119.699997,177.710007,60.110001,62.299999,53.060001,33.610001,85.059998,118.330002,162.179993,111.349998,81.089996,54.639999,69.209999,88.550003,57.799999,,,,,,,,,,,,,,,,,,,,,,,,,,,,,,,
117.910004,75.470001,159.100006,93.040001,30.23,116.839996,108.980003,31.610001,244.899994,133.529999,169.529999,36.48,116.300003,86.120003,41.740002,120.760002,178.229996,60.27,62.84,53.91,33.48,85.029999,118.269997,162.410004,112.550003,82.209999,53.259998,68.260002,88.5,57.439999,,,,,,,,,,,,,,,,,,,,,,,,,,,,,,,
118.989998,75.860001,158.320007,92.370003,30.18,115.839996,108.360001,31.459999,242.889999,134.309998,167.649994,36.610001,116.279999,86.18,41.32,120.43,177.270004,61.099998,62.639999,53.380001,33.470001,84.400002,117.32,161.949997,111.5,81.75,52.68,68.709999,87.040001,57.790001,,,,,,,,,,,,,,,,,,,,,,,,,,,,,,,
119.110001,76.650002,159.070007,93.830002,30.379999,114.959999,108.379997,31.370001,242.570007,136.100006,165.520004,36.540001,116.160004,86.43,41.040001,120.25,176.580002,59.919998,62.619999,53.110001,33.439999,83.489998,117.18,161.580002,111.260002,81.309998,52.759998,68.230003,85.93,57.669998,,,,,,,,,,,,,,,,,,,,,,,,,,,,,,,
119.75,76.910004,159.399994,94.650002,30.15,115.93,109.440002,31.469999,245.759995,135.699997,167.75,36.950001,114.730003,87.080002,41.049999,120.879997,177.889999,61.630001,63.189999,52.689999,32.830002,83.75,117.650002,161.889999,111,81.800003,52.459999,68.529999,86.809998,58.259998,,,,,,,,,,,,,,,,,,,,,,,,,,,,,,,
119.25,76.879997,158.289993,93.989998,30.040001,116.160004,107.529999,31.389999,243.839996,135.070007,167.949997,36.709999,114.620003,86.239998,40.950001,122.099998,177.440002,62.209999,62.610001,52.400002,32.599998,83.839996,116.75,162.360001,110.82,81.370003,52.68,67.970001,86.339996,58.290001,,,,,,,,,,,,,,,,,,,,,,,,,,,,,,,
119.040001,76.620003,158.830002,94.480003,30.07,116.379997,108.059998,31.360001,244.300003,135.039993,167.339996,36.790001,114.599998,86.699997,40.880001,121.5,177.389999,62.34,62.700001,52.919998,32.52,84.010002,117.050003,161.800003,110.220001,81.169998,52.549999,67.129997,86.349998,57.799999,,,,,,,,,,,,,,,,,,,,,,,,,,,,,,,
120,76.599998,157.669998,93.57,29.99,116.279999,107.970001,31.27,235.740005,135.929993,167.889999,36.799999,114.870003,83.550003,41.220001,122.75,177.259995,61.48,62.529999,53.650002,32.060001,85.209999,117.459999,160.660004,109.970001,81.260002,52.740002,68.419998,87.360001,57.330002,,,,,,,,,,,,,,,,,,,,,,,,,,,,,,,
119.989998,77.489998,158.320007,93.330002,30.030001,115.940002,108.160004,31.23,234.289993,136.160004,166.800003,36.759998,114.699997,83.940002,41.290001,122.709999,178.490005,61.169998,62.5,53.27,32.029999,84.93,118.540001,157.740005,110.419998,81.589996,52.25,68.110001,86.279999,57.709999,,,,,,,,,,,,,,,,,,,,,,,,,,,,,,,
119.779999,76.690002,159,93.379997,29.98,115.580002,107.279999,31.209999,231.410004,135.389999,166.809998,36.57,114.199997,83.300003,41.139999,122.18,178.679993,60.330002,62.299999,52.93,31.700001,84.699997,117.989998,158.699997,110.730003,81.730003,52.360001,67.620003,84.730003,57.09,,,,,,,,,,,,,,,,,,,,,,,,,,,,,,,
120,76.199997,159.529999,94.580002,30.1,115.599998,107.660004,30.530001,232.199997,135.600006,170.550003,36.939999,114.150002,83.669998,41.32,122.260002,178.490005,62.529999,62.740002,53.200001,31.77,87.449997,118.019997,158.660004,110.790001,81.839996,52.720001,67.18,85.889999,57.380001,,,,,,,,,,,,,,,,,,,,,,,,,,,,,,,
120.080002,75.970001,157.839996,94.459999,30.27,115.389999,107.120003,29.75,232.669998,138.070007,171.029999,36.77,113.910004,83.709999,41.43,121.379997,178.509995,61.810001,62.959999,53.240002,31.459999,86.959999,118.040001,159.070007,110.339996,82.150002,52.41,66.650002,84.970001,57.139999,,,,,,,,,,,,,,,,,,,,,,,,,,,,,,,
119.970001,77.43,160.550003,96.239998,30.6,116.370003,107.900002,30,233.679993,138.059998,175.899994,37.619999,111.760002,84.720001,41.900002,121.050003,175.970001,61.209999,63.52,53.450001,31.15,87.860001,116.839996,160.429993,111.610001,83.230003,50.119999,67.400002,85.089996,59.639999,,,,,,,,,,,,,,,,,,,,,,,,,,,,,,,
121.879997,76.889999,167.360001,98.150002,30.700001,117.239998,108.040001,30.370001,237.25,137.479996,178.289993,37.799999,112.800003,86.029999,42.119999,121.790001,176.729996,61.080002,63.68,53.860001,31.290001,87.160004,117.669998,161.240005,110.959999,83.900002,49.77,66.889999,85.339996,60.209999,,,,,,,,,,,,,,,,,,,,,,,,,,,,,,,
121.940002,76.93,169.119995,97.220001,30.74,116.550003,108.059998,30.32,239.580002,138.460007,178.660004,37.560001,111.839996,86.75,41.810001,121.879997,176.820007,61.200001,64.269997,53.650002,31.280001,86.599998,118.129997,162.75,110.360001,83.239998,49.119999,66.730003,85.599998,61.419998,,,,,,,,,,,,,,,,,,,,,,,,,,,,,,,
121.949997,76.849998,167.699997,98.989998,30.98,113.790001,109.300003,30.01,236.949997,138.330002,177.300003,37.98,113.379997,86.93,41.450001,122.860001,177.479996,61.75,65.779999,53.189999,31.42,86.720001,118.099998,162.990005,109.699997,83.769997,49.599998,65.660004,85.510002,61.310001,,,,,,,,,,,,,,,,,,,,,,,,,,,,,,,
121.629997,77.279999,165.570007,96.790001,30.83,111.82,110.940002,29.959999,233.899994,138.470001,175.800003,37.419998,113.129997,86.029999,41.380001,123.019997,175.419998,61.43,65.129997,53.080002,31.309999,86.75,117.510002,162.089996,109.169998,83.699997,49.369999,66.419998,84.860001,60.150002,,,,,,,,,,,,,,,,,,,,,,,,,,,,,,,
121.349998,76.379997,163.419998,95.660004,30.719999,111.349998,110.650002,29.700001,229.320007,137.580002,174.520004,36.82,113.25,84.629997,41.57,122.57,174.820007,61.990002,64.650002,52.900002,31.73,87.599998,117.779999,162.100006,109.669998,82.709999,49.009998,66.739998,83.889999,59.630001,,,,,,,,,,,,,,,,,,,,,,,,,,,,,,,
128.75,76.760002,163.970001,95.110001,30.5,111,111.300003,29.690001,230.669998,137.440002,174.289993,36.52,113.230003,84.949997,41.259998,122.419998,175.169998,62.099998,63.580002,53.02,31.67,87.330002,116.540001,162.710007,108.18,82.440002,48.389999,66.230003,82.940002,60.299999,,,,,,,,,,,,,,,,,,,,,,,,,,,,,,,
128.529999,76.510002,162.259995,93.769997,31.18,112.209999,110.610001,29.68,230.410004,136.949997,174.580002,36.68,113.57,84.589996,41.400002,123.220001,174.179993,64.18,63.169998,52.799999,31.73,87.760002,117.629997,160.759995,108.360001,82.300003,48.279999,66.699997,83.449997,59.860001,,,,,,,,,,,,,,,,,,,,,,,,,,,,,,,
129.080002,78.040001,162.399994,93.279999,31.32,113.57,110.300003,29.700001,240.949997,137.979996,175.820007,36.52,113.639999,87.18,41.540001,124.239998,175.039993,64.290001,63.68,52.360001,32.09,87.410004,117.779999,161.869995,109.650002,86.080002,48.580002,66.5,83.540001,60.209999,,,,,,,,,,,,,,,,,,,,,,,,,,,,,,,
130.289993,77.82,163.979996,92.870003,31.299999,112.980003,109.57,29.66,239.979996,136.490005,175.860001,36.27,113.400002,86.769997,41.560001,124.449997,175.100006,64.940002,63.639999,52.799999,32.23,87.400002,117.669998,160.509995,110.68,85.830002,48.029999,66.400002,83.309998,60.02,,,,,,,,,,,,,,,,,,,,,,,,,,,,,,,
131.529999,77.720001,166.5,93.309998,31.450001,111.389999,109,29.559999,239.619995,136.649994,178.460007,36.349998,113.480003,86.720001,41.900002,124.589996,175.759995,64.199997,63.43,52.810001,32.080002,88.010002,117.760002,160.529999,111.25,85.779999,48.040001,66.889999,82.769997,59.790001,,,,,,,,,,,,,,,,,,,,,,,,,,,,,,,
132.039993,77.800003,163.809998,92.910004,31.27,111.580002,109,29.43,237.729996,137.880005,176.169998,36.380001,113.400002,85.959999,42.02,124.669998,177.070007,64.32,63.34,53.880001,32.139999,88.330002,117.809998,160.309998,110.400002,85.089996,48.369999,67.809998,81.480003,59.73,,,,,,,,,,,,,,,,,,,,,,,,,,,,,,,
132.419998,78.18,164.279999,93.959999,31.5,112.260002,109.489998,29.59,241.550003,138.710007,177.210007,35.459999,114.080002,87.199997,41.25,124.480003,178.179993,64.389999,64.059998,55.310001,32.380001,88.669998,118.779999,160.440002,110.089996,85.580002,48.810001,69.080002,81.839996,60.259998,,,,,,,,,,,,,,,,,,,,,,,,,,,,,,,
132.119995,78.480003,166.229996,96.309998,31.51,113.050003,109.260002,29.719999,242.720001,139.850006,178.679993,35.34,115.239998,87,40.580002,125.82,179,64.150002,64,56.220001,32.349998,87.970001,119.730003,160.75,111.050003,85.900002,48.98,68.019997,82.519997,61.189999,,,,,,,,,,,,,,,,,,,,,,,,,,,,,,,
133.289993,78.910004,168.029999,98.5,31.969999,113.910004,109.650002,30.040001,246.270004,139.869995,179.360001,35.799999,115.879997,88.150002,40.619999,125.540001,181.020004,64.769997,64.720001,56.09,32.610001,88.309998,119.709999,161.990005,112.019997,86.440002,48.549999,67.769997,83,61.560001,,,,,,,,,,,,,,,,,,,,,,,,,,,,,,,
135.020004,79.410004,168.5,98.089996,32.310001,112.519997,110.330002,30.280001,249.460007,141.360001,180.130005,35.93,116.360001,89.559998,40.529999,125.809998,181.600006,65.660004,64.57,56.450001,32.75,87.860001,120.239998,163.130005,111.57,86.849998,48.27,68.660004,82.82,61.720001,,,,,,,,,,,,,,,,,,,,,,,,,,,,,,,
135.509995,79.599998,169.300003,99.019997,32.82,112.57,110.18,30.35,250.539993,142.190002,181.679993,36.049999,117.199997,90.589996,40.439999,126.480003,181.699997,65.160004,64.529999,56.639999,33.509998,91.120003,120.980003,164.289993,111.910004,87.540001,48.080002,68.690002,83.160004,61.099998,,,,,,,,,,,,,,,,,,,,,,,,,,,,,,,
135.350006,79.510002,170.809998,98.260002,33.599998,110.68,110.709999,30.450001,249.440002,141.539993,181.429993,36.41,118.080002,90.529999,41.200001,126.699997,183.410004,65.260002,64.519997,56.290001,33.619999,90.790001,121.790001,163.649994,112.07,87.410004,48.459999,68.870003,82.300003,61.41,,,,,,,,,,,,,,,,,,,,,,,,,,,,,,,
135.720001,79.709999,172.710007,98.849998,33.740002,110.330002,110.059998,30.370001,250.380005,143,180.669998,36.48,118.860001,90.230003,41.23,127.800003,182.949997,65.389999,64.620003,56.75,33.619999,91.089996,121.949997,157.619995,112.150002,87.459999,49.189999,69.370003,81.760002,61.259998,,,,,,,,,,,,,,,,,,,,,,,,,,,,,,,
136.699997,79.970001,175.559998,98.099998,34.130001,111.720001,110.010002,30.52,251.759995,145.020004,180.259995,36.52,119.660004,91.010002,41.459999,128.039993,183.369995,65.480003,64.489998,57.360001,33.619999,91.669998,121.550003,160.570007,112.5,87.919998,49.43,71.449997,81.889999,61.220001,,,,,,,,,,,,,,,,,,,,,,,,,,,,,,,
137.110001,79.860001,175.360001,98.199997,34.09,110.379997,110.120003,30.33,251.729996,145.25,181.149994,36.07,119.519997,91.059998,41.599998,127.849998,186.039993,65.290001,64.360001,58.240002,33.59,91.440002,121.900002,160.570007,112.660004,87.800003,49.669998,71.709999,80.93,63.669998,,,,,,,,,,,,,,,,,,,,,,,,,,,,,,,
136.529999,80.050003,176.860001,95.550003,34.040001,111.019997,109.730003,30.02,251.190002,144.710007,181.649994,36.18,121.699997,91.129997,41.66,128.270004,187.190002,65.849998,64.620003,57.389999,34.060001,91.129997,122.360001,162.600006,112.089996,88.18,50.310001,71.309998,81.779999,63.369999,,,,,,,,,,,,,,,,,,,,,,,,,,,,,,,
136.660004,79.760002,177.440002,95.480003,34.32,110.120003,110.32,30.190001,247.350006,145.949997,181.350006,36.529999,122.730003,90.330002,41.779999,128.649994,187.410004,66.160004,64.620003,57.860001,34.259998,91.050003,122.269997,163.059998,112.459999,88.43,50.599998,72.389999,81.080002,63.549999,,,,,,,,,,,,,,,,,,,,,,,,,,,,,,,
136.929993,80.169998,179.429993,97.440002,34.259998,111.75,110.230003,29.940001,249.330002,145.300003,179.399994,36.509998,122.400002,90.43,41.669998,126.989998,186.910004,65.849998,64.230003,57.689999,34.279999,90.889999,122.040001,165.380005,112.809998,88,49.939999,71.739998,81.540001,62.91,,,,,,,,,,,,,,,,,,,,,,,,,,,,,,,
136.990005,80.059998,180.229996,96.660004,34.18,112.5,110.089996,29.809999,248.059998,144.910004,179.820007,36.200001,122.209999,90.620003,41.959999,127.650002,186.350006,65.870003,63.98,57.16,34.119999,91.07,122.239998,165.380005,112.550003,87.940002,49.630001,70.93,81.32,62.259998,,,,,,,,,,,,,,,,,,,,,,,,,,,,,,,
139.789993,81.919998,183.910004,98.580002,34.439999,113.879997,111.040001,30.190001,252.710007,146.679993,181.949997,35.93,123.860001,93.599998,42.16,129.050003,189.860001,66.209999,64.940002,57.950001,34.419998,91.660004,124.989998,167.940002,113.68,88.989998,49.810001,70.449997,83.019997,63.459999,,,,,,,,,,,,,,,,,,,,,,,,,,,,,,,
138.960007,80.099998,182.990005,94.360001,34.389999,113.360001,110.589996,30.190001,251.059998,147.949997,180.529999,35.91,123.629997,92.139999,42.470001,128.229996,189.889999,66.080002,64.010002,57.799999,34.509998,90.910004,124.519997,167.309998,112.690002,88.529999,49.98,70.760002,83.300003,63.349998,,,,,,,,,,,,,,,,,,,,,,,,,,,,,,,
139.779999,79.879997,182.179993,95.120003,34.290001,113.550003,111.239998,30.120001,252.889999,147.809998,180.050003,35.900002,123.790001,92.800003,42.48,127.900002,189.309998,66.580002,64.25,56.700001,34.52,90.5,124.129997,168.199997,112.339996,88.790001,50.09,70.029999,82.459999,63.259998,,,,,,,,,,,,,,,,,,,,,,,,,,,,,,,
139.339996,79.5,180.929993,95.660004,34.189999,113.169998,110.669998,30,252.009995,147.130005,180.470001,35.57,123.709999,91.919998,42.18,128.029999,188.899994,66.470001,64.269997,56.77,34.349998,90.370003,122.32,168.699997,111.660004,88.940002,50.029999,69.879997,82.830002,63.509998,,,,,,,,,,,,,,,,,,,,,,,,,,,,,,,
139.520004,79.580002,182.020004,95.93,34.200001,111.809998,110.860001,29.860001,250.899994,146.020004,180.380005,35.799999,123.830002,91.410004,41.990002,128.070007,189.089996,65.959999,64.400002,56.549999,33.990002,90.290001,122.139999,168.300003,112.279999,89.059998,49.439999,69.870003,82.519997,63.150002,,,,,,,,,,,,,,,,,,,,,,,,,,,,,,,
139,79.040001,181.740005,93.230003,34.02,109.610001,110.839996,29.799999,250.240005,146.919998,179.449997,35.619999,124.099998,91.209999,41.990002,128.089996,189.509995,65.800003,64.989998,56.509998,33.91,90.139999,121.239998,167.910004,111.75,88.959999,49.16,69.800003,81.029999,63.279999,,,,,,,,,,,,,,,,,,,,,,,,,,,,,,,
138.679993,79.300003,180.570007,91.389999,34.07,110.040001,111.029999,29.66,250.179993,146.619995,177.179993,35.82,125.949997,91.57,42.029999,128.139999,189.899994,65.889999,64.730003,56.360001,34.049999,90.339996,121.900002,168.009995,111.93,89.110001,49.279999,69.860001,81.669998,63.540001,,,,,,,,,,,,,,,,,,,,,,,,,,,,,,,
139.139999,79.379997,178.699997,92.309998,34.259998,110.610001,110.919998,30.280001,248.380005,146.850006,177.830002,35.91,126.209999,91.279999,42.290001,127.980003,191.210007,65.599998,64.93,56.43,34.110001,91.07,122.830002,169.979996,112.139999,89.730003,49.349998,70.099998,81.610001,63.84,,,,,,,,,,,,,,,,,,,,,,,,,,,,,,,
139.199997,79.209999,179.050003,92.639999,34.099998,109.349998,111.519997,29.860001,248.160004,147.429993,176.460007,35.16,126.68,91.360001,42.029999,127.610001,191.520004,64.150002,64.709999,56.669998,34.110001,91.309998,122.150002,170.210007,112.309998,90.110001,49.470001,69.949997,81.419998,64.110001,,,,,,,,,,,,,,,,,,,,,,,,,,,,,,,
138.990005,79.690002,178.729996,91.860001,34.119999,107.360001,112.309998,29.540001,247.720001,147.160004,175.720001,35.18,127.050003,91.510002,41.970001,127.800003,190.330002,64.199997,64.410004,57.279999,34.220001,91,122.620003,169.059998,111.830002,89.550003,49.360001,70.720001,80.989998,63.68,,,,,,,,,,,,,,,,,,,,,,,,,,,,,,,
140.460007,79.230003,178.710007,93.360001,34.240002,108.879997,111.870003,29.76,246.779999,147.949997,175.809998,35.099998,128.960007,91.730003,42.119999,127.879997,191.199997,64.699997,64.75,57.66,34.630001,91.400002,122.989998,171.779999,113.080002,89.919998,50.139999,70.580002,82,64.440002,,,,,,,,,,,,,,,,,,,,,,,,,,,,,,,
140.690002,79.769997,178.190002,92.849998,34.23,107.860001,111.709999,29.75,248.220001,148.729996,177.240005,35.139999,128.460007,91.639999,42.25,127.980003,190.309998,64.18,64.639999,57.599998,34.43,91.440002,122.739998,171.300003,112.339996,90.040001,50.040001,70.440002,82.07,63.860001,,,,,,,,,,,,,,,,,,,,,,,,,,,,,,,
139.990005,79.25,180.100006,92.910004,34.23,107.68,111.760002,29.879999,243.940002,149.600006,175.649994,35.27,128.059998,90.68,42.029999,128.639999,192.360001,63.900002,64.870003,57.799999,34.32,91,123.139999,169.699997,113.449997,90.239998,50.389999,69.889999,82,64.029999,,,,,,,,,,,,,,,,,,,,,,,,,,,,,,,
141.460007,78.849998,179.389999,95.400002,34.279999,107.660004,112.709999,29.74,242.139999,147.800003,175.699997,35.43,128.070007,90.029999,42.18,128.779999,193.009995,64.110001,64.93,58.68,34.380001,91.220001,122.360001,168,113.510002,89.18,50.240002,69.980003,82,64.5,,,,,,,,,,,,,,,,,,,,,,,,,,,,,,,
139.839996,77.529999,175.960007,92.43,33.880001,108.040001,111.75,29.389999,233,146.610001,173.880005,35.040001,127.25,87.389999,42.5,128.520004,192.130005,63.91,64.209999,58.009998,34.25,91.190002,121.690002,167.699997,112.160004,88.059998,50.16,69.900002,81.830002,63.080002,,,,,,,,,,,,,,,,,,,,,,,,,,,,,,,
141.419998,77.669998,176.979996,92.43,34.099998,108.389999,112.080002,29.530001,231.070007,147.360001,174.779999,35.369999,126.260002,87.529999,42.380001,129.100006,192.220001,63.5,65.029999,53.919998,34.470001,90.989998,122.029999,167.029999,111.93,88.519997,49.709999,70.25,81.760002,62.790001,,,,,,,,,,,,,,,,,,,,,,,,,,,,,,,
140.919998,77.839996,177.259995,92.230003,33.959999,107.870003,112.239998,29.620001,231.899994,147.990005,174.820007,35.27,125.900002,87.389999,42.169998,129,192.139999,63.279999,64.870003,55.369999,34.290001,90.769997,121.290001,165.289993,111.839996,88.860001,49.639999,69.860001,81.860001,63.830002,,,,,,,,,,,,,,,,,,,,,,,,,,,,,,,
140.639999,78.199997,175.820007,92.150002,34.080002,107.989998,112.139999,29.719999,228.410004,147.710007,173.830002,35.16,125.480003,87.290001,42.119999,129.339996,191.509995,63.18,64.980003,56.360001,34,90.57,120.769997,165,111.800003,89.190002,49.68,69.610001,81.230003,63.080002,,,,,,,,,,,,,,,,,,,,,,,,,,,,,,,
140.880005,77.599998,176.100006,91.510002,33.990002,106.279999,112.379997,29.440001,225.479996,146.869995,173.770004,35.389999,125.800003,87.239998,42.32,129.490005,190.429993,63.189999,65.099998,55.93,34.18,90.489998,121.010002,164.600006,111.830002,88.949997,49.139999,69.660004,81.25,64.019997,,,,,,,,,,,,,,,,,,,,,,,,,,,,,,,
143.800003,78.639999,177.360001,92.949997,34.02,107.169998,113.050003,29.620001,229.330002,147.199997,174.509995,35.599998,125.660004,88.599998,42.43,129.449997,190.990005,63.34,65.290001,56.619999,34.16,90.760002,121.800003,165.350006,112.739998,89.120003,49.299999,70.32,81.839996,65,,,,,,,,,,,,,,,,,,,,,,,,,,,,,,,
144.119995,78.25,177.630005,92.860001,33.740002,108.07,112.529999,29.68,228.449997,147.039993,173.940002,35.57,124.919998,88.269997,42.419998,128.839996,190.679993,63.639999,65.470001,56.68,34.330002,90.599998,120.529999,163.440002,112.059998,89.18,49.130001,70.739998,82.019997,64.419998,,,,,,,,,,,,,,,,,,,,,,,,,,,,,,,
143.929993,79.209999,177.979996,93.220001,33.740002,107.779999,113.18,29.870001,231.220001,146.949997,173.860001,35.75,124.660004,89.029999,42.599998,129.320007,191.279999,63.450001,65.709999,56.040001,34.349998,90.199997,121.029999,164.990005,112.449997,89.010002,49.060001,71.589996,83.699997,64.18,,,,,,,,,,,,,,,,,,,,,,,,,,,,,,,
143.660004,79.110001,176.860001,92.760002,33.799999,107.370003,113.389999,29.799999,229.720001,146.830002,174.139999,36.07,124.550003,87.839996,42.439999,129.610001,191.330002,63.540001,65.860001,55.73,34.209999,89.849998,120.540001,164.009995,112.209999,88.870003,48.75,72.080002,82.010002,63.540001,,,,,,,,,,,,,,,,,,,,,,,,,,,,,,,
143.699997,78.589996,176.649994,92.269997,33.580002,107.800003,113.199997,29.879999,228.960007,146.619995,174.5,36.16,124.690002,87.519997,42.41,129.610001,190.720001,63.470001,65.550003,55.560001,34.240002,89.68,120.379997,165.589996,111.93,89.360001,49.18,71.830002,82.07,63.060001,,,,,,,,,,,,,,,,,,,,,,,,,,,,,,,
144.770004,78.260002,178.699997,94.129997,33.41,108.660004,113.040001,30.02,229.259995,146.339996,174.520004,36.279999,124.68,87.309998,42.68,129.289993,190.190002,63.669998,65.730003,55.040001,34.34,89.910004,120.610001,164.970001,112.989998,88.779999,49.310001,72.010002,82.370003,63.200001,,,,,,,,,,,,,,,,,,,,,,,,,,,,,,,
144.020004,77.760002,177.080002,94.239998,33,108.639999,113,29.969999,227.660004,146.639999,172.880005,36.220001,124.800003,86.190002,42.57,130.410004,190.240005,63.57,65.559998,54.98,34.189999,89.970001,120.910004,165.369995,112.5,89.029999,49.02,71.650002,82.529999,63.52,,,,,,,,,,,,,,,,,,,,,,,,,,,,,,,
143.660004,77.919998,177.369995,95.82,33.080002,109.290001,113.050003,29.93,228.639999,147.240005,172.449997,36.029999,125.050003,86.480003,42.669998,130.149994,189.889999,63.240002,65.730003,55.139999,34.110001,89.400002,120.540001,165.339996,112.410004,89.089996,48.43,71.43,83.010002,63.610001,,,,,,,,,,,,,,,,,,,,,,,,,,,,,,,
143.339996,77.769997,178.850006,95.519997,32.959999,108.860001,112.580002,29.99,227.880005,147.130005,172.139999,36.029999,124.919998,86.18,42.610001,129.960007,189.990005,63.130001,65.68,55.110001,34.099998,89.230003,120.150002,166.020004,112.989998,88.739998,48.66,72.900002,82.760002,63.189999,,,,,,,,,,,,,,,,,,,,,,,,,,,,,,,
143.169998,77.489998,177.559998,97.139999,33.009998,109.43,112.43,30.01,228.889999,148.210007,171.199997,35.799999,124.339996,85.879997,42.689999,129.979996,189.710007,62.549999,65.529999,54.900002,34.040001,89.489998,121.110001,165.479996,112.879997,88.860001,48.540001,73.059998,83.129997,63.27,,,,,,,,,,,,,,,,,,,,,,,,,,,,,,,
141.630005,77.260002,178.570007,97.099998,32.919998,108.970001,113.07,30.040001,227.740005,148.199997,170.580002,35.740002,124.220001,85.730003,42.66,131.199997,190.070007,62.580002,65.480003,54.919998,33.93,89.800003,121.190002,165.830002,113.139999,88.849998,48.700001,73.43,82.839996,62.490002,,,,,,,,,,,,,,,,,,,,,,,,,,,,,,,
141.800003,76.68,176.050003,94.860001,32.619999,108.970001,113.040001,29.77,225.75,146.539993,170.660004,35.630001,125.400002,85.400002,42.939999,131.259995,189.699997,63.049999,65.230003,55.57,33.919998,90.309998,121.459999,165.559998,112.239998,88.68,48.919998,73.440002,82.970001,61.919998,,,,,,,,,,,,,,,,,,,,,,,,,,,,,,,
141.050003,75.800003,175.619995,93.099998,32.419998,106.099998,113.199997,29.559999,223.320007,145.910004,169.529999,35.25,124.989998,84.400002,42.790001,130.759995,188.649994,62.610001,64.949997,55.34,33.880001,90.029999,120.529999,164.960007,112.089996,88.870003,48.619999,73.150002,81.690002,61.060001,,,,,,,,,,,,,,,,,,,,,,,,,,,,,,,
141.830002,76.669998,179.020004,94.139999,32.610001,106.169998,113.779999,29.639999,226.259995,147.309998,171.100006,35.48,125.720001,85.860001,43.07,131.350006,190.360001,62.799999,65.480003,56.240002,34,90.389999,121.919998,167.179993,113.269997,89.809998,48.810001,73.489998,81.580002,61.73,,,,,,,,,,,,,,,,,,,,,,,,,,,,,,,
141.199997,75.790001,177.850006,94.389999,32.669998,105.68,114.190002,29.84,215.589996,147.759995,170.050003,35.77,121.82,85.160004,43.48,132.300003,190.220001,62.27,65.389999,56.110001,33.84,90.800003,120.75,168.589996,113.559998,89.730003,49.220001,73.889999,81.050003,61.48,,,,,,,,,,,,,,,,,,,,,,,,,,,,,,,
140.679993,75.550003,178.399994,93.470001,32.650002,104.230003,113.730003,30,214.089996,147.220001,161.690002,35.91,121.370003,84.459999,43.23,132.639999,189.830002,62.639999,65.040001,55.860001,33.610001,89.599998,120.400002,169.25,112.919998,89.75,48.939999,74.07,80.489998,61.549999,,,,,,,,,,,,,,,,,,,,,,,,,,,,,,,
142.440002,80.019997,179.300003,94.660004,32.830002,104.879997,114.790001,30.27,218.059998,148.720001,162.300003,36.18,121.870003,85.550003,43.09,133.270004,191.160004,62.549999,65.5,56.400002,33.740002,89.330002,118.879997,171.539993,113.940002,91.150002,48.41,74.800003,81.010002,61.939999,,,,,,,,,,,,,,,,,,,,,,,,,,,,,,,
142.270004,79.589996,180.380005,94.32,32.82,104.889999,114.440002,29.549999,216.860001,150,160.380005,36.32,121.760002,84.519997,43.07,133.410004,191.5,61.889999,66.400002,55.849998,33.639999,88.620003,119.099998,171.160004,114.989998,91.150002,47.25,74.940002,80.690002,62.16,,,,,,,,,,,,,,,,,,,,,,,,,,,,,,,
143.639999,80.449997,182.059998,96.809998,33.279999,105.93,113.699997,29.549999,223.220001,151.889999,160.75,36.75,122.889999,87.5,43.279999,134.229996,194.229996,62.139999,67.529999,55.470001,33.740002,89.550003,120.57,172.330002,116.32,91.849998,47.049999,74.779999,81.110001,62.82,,,,,,,,,,,,,,,,,,,,,,,,,,,,,,,
144.529999,80.629997,183.509995,104.419998,33.419998,106.730003,115.18,29.450001,226.630005,153.029999,160.389999,36.869999,123.43,88.260002,43.110001,141.699997,195.130005,62.299999,67.919998,55.450001,33.759998,90,121.32,174.039993,116.870003,92.110001,46.700001,75.050003,81.730003,64.809998,,,,,,,,,,,,,,,,,,,,,,,,,,,,,,,
143.679993,80.519997,181.710007,104.660004,33.400002,106.080002,115.580002,29.26,226.199997,154.220001,160.059998,36.93,123.510002,88.43,43.240002,140.839996,195,62.700001,67.830002,55.16,33.849998,87.739998,122.010002,174.380005,118.199997,91.82,47.360001,75.43,81.400002,64.330002,,,,,,,,,,,,,,,,,,,,,,,,,,,,,,,
143.789993,80.330002,183.220001,102.68,33.75,105.470001,115.839996,29.08,225.809998,156.119995,160.320007,37.43,123.739998,87.610001,43.009998,140.869995,196.110001,62.580002,68.269997,55.470001,33.860001,87.690002,122.160004,174.630005,118.779999,91.599998,46.669998,75.440002,81.260002,63.189999,,,,,,,,,,,,,,,,,,,,,,,,,,,,,,,
143.649994,79.25,184.830002,102.260002,34.07,106.699997,115.599998,28.99,223.800003,156.100006,160.289993,36.150002,123.470001,87,43.150002,139.929993,195.830002,62.330002,68.459999,55.41,33.919998,87.330002,121.660004,174.880005,118.989998,91.220001,45.91,75.18,81.650002,62.799999,,,,,,,,,,,,,,,,,,,,,,,,,,,,,,,
146.580002,79.230003,182.389999,102,33.970001,105.919998,114.730003,28.940001,224.850006,154.210007,158.839996,36.310001,123.339996,87.059998,43.220001,141.149994,194.809998,62.380001,69.410004,54.990002,33.779999,87.089996,121.18,174.589996,118.919998,91.260002,45.880001,75.230003,82.059998,62.52,,,,,,,,,,,,,,,,,,,,,,,,,,,,,,,
147.509995,79.540001,183.440002,101.510002,34.240002,105.360001,114.370003,28.99,225.119995,154.949997,159.100006,36.970001,123.699997,86.5,43.389999,141.229996,196.529999,62.700001,69.300003,55.07,33.610001,86.220001,120.360001,174.139999,119.32,92.540001,45.91,75.519997,82.050003,62.52,,,,,,,,,,,,,,,,,,,,,,,,,,,,,,,
147.059998,78.830002,183.389999,101.540001,34.25,106.720001,111.620003,29.23,226.309998,155,158.630005,36.98,123.330002,87,43.32,142.619995,197.630005,63.630001,69.080002,54.529999,33.470001,86.43,120.809998,172.539993,120.300003,92.440002,46.150002,75.760002,82.699997,61.709999,,,,,,,,,,,,,,,,,,,,,,,,,,,,,,,
146.529999,78.330002,183.070007,99.389999,34.18,104.809998,111.169998,29.200001,226.589996,154.860001,159.050003,36.849998,123.949997,87.099998,43.66,143.449997,199.509995,63.380001,68.809998,54.470001,33.450001,86.449997,120.809998,174.020004,121,92.620003,45.880001,76.339996,81.639999,61.419998,,,,,,,,,,,,,,,,,,,,,,,,,,,,,,,
148.960007,78.32,185.009995,99.639999,34.389999,105.790001,111.989998,29.219999,226.869995,155.729996,155.050003,36.82,123.510002,87,43.689999,143.960007,199.399994,63.970001,69,53.950001,33.48,86.5,121.300003,174.119995,121.349998,92.089996,46.689999,76.5,82.019997,63.09,,,,,,,,,,,,,,,,,,,,,,,,,,,,,,,
153.009995,78.160004,186.020004,99.370003,34.290001,106.68,111.419998,29.07,225.029999,156.889999,153.029999,36.540001,123.25,87.099998,43.889999,144.240005,198.649994,64.010002,68.940002,54.299999,33.450001,86.550003,121.010002,174.440002,121.080002,91.919998,46.630001,76.120003,82.889999,62.369999,,,,,,,,,,,,,,,,,,,,,,,,,,,,,,,
153.990005,78.440002,186.910004,99.290001,33.900002,105.080002,112.07,28.93,223.759995,157.679993,152.110001,36.369999,123.209999,86.75,43.509998,144.360001,197.960007,63.290001,69.040001,54.889999,33.380001,86.400002,119.949997,173.240005,121.459999,92,46.419998,76.720001,82.309998,61.830002,,,,,,,,,,,,,,,,,,,,,,,,,,,,,,,
153.259995,78.650002,183.179993,100.360001,33.740002,106.5,109.660004,28.700001,224.880005,158.130005,151.25,36.009998,122.809998,87.43,43.57,144.520004,196.639999,63.939999,69.309998,54.560001,33.029999,86.489998,120.690002,173.389999,121.019997,92.25,46.380001,76.699997,81.910004,61.709999,,,,,,,,,,,,,,,,,,,,,,,,,,,,,,,
153.949997,77.919998,183.940002,100.989998,33.630001,106.209999,109.580002,28.870001,224.759995,156.199997,150.649994,35.689999,123.199997,87.160004,43.669998,144.210007,196.75,64.43,68.459999,54.240002,33.040001,86.169998,120.540001,173.320007,121.279999,92.099998,46.02,76.129997,82.610001,61.860001,,,,,,,,,,,,,,,,,,,,,,,,,,,,,,,
156.100006,77.489998,183.25,100.709999,33.450001,105.959999,109.690002,28.27,222.820007,156.919998,150.369995,35.529999,123.639999,86.919998,43.59,145.360001,196.570007,63.57,68.379997,54.200001,33.009998,86.190002,120.589996,171.809998,120.830002,92.730003,45.84,75.709999,82.550003,62.040001,,,,,,,,,,,,,,,,,,,,,,,,,,,,,,,
155.699997,78.330002,182.389999,102.419998,34.23,106.849998,109.129997,28.18,225.119995,157.330002,151.509995,35.630001,126.989998,87.339996,43.73,146.279999,197.630005,63.509998,68.43,53.77,33.119999,86.330002,120.25,171.529999,120.919998,93.230003,45.380001,76.290001,82.800003,62.400002,,,,,,,,,,,,,,,,,,,,,,,,,,,,,,,
155.470001,78.129997,182.699997,102.339996,34.299999,107.25,107.980003,28.040001,225.600006,158.259995,153.679993,35.82,127.769997,87.610001,43.849998,147.289993,197.910004,63.790001,69.410004,52.779999,32.599998,86.239998,119.93,168.119995,121.400002,93.150002,45.310001,75.110001,82.550003,62.299999,,,,,,,,,,,,,,,,,,,,,,,,,,,,,,,
150.25,76.370003,178.779999,100.139999,33.82,104.699997,106.309998,27.41,213.720001,156.089996,150.929993,35.040001,126.669998,84.269997,43.93,146.410004,194.839996,63,67.480003,51.799999,32.23,86.260002,120.25,168.860001,119.580002,91.760002,44.48,75.120003,81.989998,60.200001,,,,,,,,,,,,,,,,,,,,,,,,,,,,,,,
152.539993,76.379997,177.399994,100.220001,31.379999,105.169998,106.68,27.48,215.160004,155.699997,150.779999,35.220001,126.970001,83.959999,43.799999,147.009995,195.240005,63.889999,67.709999,51.68,32.220001,85.870003,120.879997,171.449997,119.370003,91.709999,45.040001,77.540001,81.75,60.580002,,,,,,,,,,,,,,,,,,,,,,,,,,,,,,,
153.059998,76.800003,180.759995,102.43,31.209999,106.519997,107.519997,28.049999,215.389999,156.300003,151.979996,35.400002,127,84.779999,43.900002,148.149994,195.800003,63.779999,67.690002,51.77,32.459999,86.239998,120.790001,172.589996,121.160004,92.480003,45.419998,78.769997,81.93,61.290001,,,,,,,,,,,,,,,,,,,,,,,,,,,,,,,
153.990005,76.980003,183.669998,102.290001,31.59,106.120003,107.629997,28.18,216.020004,155.960007,152.639999,35.77,127.260002,84.699997,44.18,148.190002,198.509995,64.040001,68.449997,51.57,32.119999,86.209999,121.650002,174.699997,121.660004,93.309998,45.48,78.550003,82.290001,60.98,,,,,,,,,,,,,,,,,,,,,,,,,,,,,,,
153.800003,77.199997,183.490005,103.629997,31.76,106.269997,107.019997,28.280001,219.639999,154.830002,152.029999,35.860001,127.519997,85.760002,44.389999,147.820007,197.729996,64.550003,68.68,52.200001,32.139999,86.080002,121.660004,175.220001,122.07,93.860001,45.48,78.489998,82.580002,60.779999,,,,,,,,,,,,,,,,,,,,,,,,,,,,,,,
153.339996,77.120003,185.25,103.949997,31.49,106.220001,107.709999,27.83,223.830002,155,152.509995,36.119999,127.510002,85.709999,45.029999,149.5,197.490005,64.93,68.769997,52.009998,32.049999,86.5,122.050003,175.589996,122.080002,94.809998,45.040001,78.150002,82.290001,61.450001,,,,,,,,,,,,,,,,,,,,,,,,,,,,,,,
153.869995,77.440002,187.070007,105.019997,31.440001,105.110001,107.269997,27.49,222.470001,156.460007,153.199997,36.259998,127.529999,85.349998,45.41,149.779999,199.539993,65.040001,69.620003,52.349998,32.16,86.860001,123.720001,178.050003,122.25,95.040001,45.310001,78.309998,81.75,60.650002,,,,,,,,,,,,,,,,,,,,,,,,,,,,,,,
153.610001,77.459999,186.589996,105.660004,31.5,104.720001,108.410004,27.450001,223.529999,154.899994,152.490005,36.259998,126.919998,85.360001,45.389999,149.860001,200.669998,64.919998,69.959999,52.59,32.139999,87.25,123.660004,177.5,121.849998,94.669998,45.32,78.129997,81.550003,61.060001,,,,,,,,,,,,,,,,,,,,,,,,,,,,,,,
153.669998,77.089996,186.880005,105.470001,31.68,104.059998,108.339996,27.360001,218.419998,153.880005,151.729996,36.18,127.110001,83.900002,45.43,149.929993,202.440002,64.879997,70.410004,52.919998,32.130001,87.400002,123.730003,176.589996,121.269997,94.720001,46.200001,78.150002,81.099998,60.889999,,,,,,,,,,,,,,,,,,,,,,,,,,,,,,,
152.759995,76.940002,187.630005,105.43,31.530001,103.480003,107.940002,27.379999,211.259995,153.509995,152.630005,36.110001,128.25,82.150002,45.470001,150.889999,204.470001,65.110001,69.839996,52.990002,32.650002,88.089996,124.849998,175.179993,121.279999,95.230003,46.639999,78.599998,80.5,61.959999,,,,,,,,,,,,,,,,,,,,,,,,,,,,,,,
153.179993,78.279999,187.320007,105.650002,31.82,104.269997,108.209999,27.719999,215.009995,155.149994,152.669998,36.119999,128.779999,83.059998,45.790001,152.389999,204.350006,65.260002,70.099998,52.299999,32.709999,88.129997,125.400002,179.580002,121.790001,95.400002,46.509998,79.809998,80.699997,62.759998,,,,,,,,,,,,,,,,,,,,,,,,,,,,,,,
155.449997,78.489998,190.229996,105.949997,31.98,103.110001,107.18,27.879999,213.309998,155.350006,152.050003,36.32,130.080002,82.639999,45.889999,153.740005,206.699997,65.470001,71.760002,52.98,32.540001,88.589996,125.150002,179.389999,122.120003,96.150002,46.439999,79.620003,79.5,63.049999,,,,,,,,,,,,,,,,,,,,,,,,,,,,,,,
153.929993,78.970001,188.949997,105.199997,31.76,103.190002,106.519997,27.98,213.990005,154.789993,152.410004,36.34,130.360001,82.790001,45.990002,152.789993,206.220001,65.07,72.279999,53.009998,32.349998,88.739998,125.379997,179.369995,120.980003,96.550003,46.369999,80.260002,80.120003,63.209999,,,,,,,,,,,,,,,,,,,,,,,,,,,,,,,
154.449997,78.849998,186.75,104.550003,31.559999,104.169998,105.5,27.93,214.529999,154.199997,152.369995,36.130001,130.830002,82.959999,45.98,151.229996,205.410004,64.669998,72.519997,52.48,32.07,88.800003,124.029999,180.820007,120.120003,95.790001,46.439999,78.93,81.209999,63.73,,,,,,,,,,,,,,,,,,,,,,,,,,,,,,,
155.369995,79.809998,188.100006,103.510002,31.610001,103.769997,105.919998,27.68,215.779999,154.960007,150.979996,36.259998,130.75,83.910004,45.509998,151.940002,205.009995,64.059998,72.389999,53.23,32,88.769997,123.5,183.210007,119.779999,96.089996,46.5,79.150002,80.910004,63.98,,,,,,,,,,,,,,,,,,,,,,,,,,,,,,,
154.990005,79.949997,189.929993,105.010002,31.610001,104,104.32,27.59,218.759995,153.5,152.100006,36.48,130.550003,84.949997,45.130001,151.429993,205.940002,63.200001,71.949997,53.200001,31.75,87.849998,123.779999,181.690002,119.940002,96.089996,46.189999,78.93,80.620003,63.970001,,,,,,,,,,,,,,,,,,,,,,,,,,,,,,,
148.979996,80.309998,190.029999,105.919998,31.370001,106.400002,105.620003,27.940001,222.440002,152.960007,154.100006,35.709999,131.529999,86.959999,45.32,151.479996,206.929993,64.389999,70.32,53.459999,32.77,88.160004,125.230003,181.460007,120.639999,94.559998,46.720001,79.419998,82.129997,64.739998,,,,,,,,,,,,,,,,,,,,,,,,,,,,,,,
145.419998,80.169998,190,106.07,31.25,108.040001,107.040001,28.940001,221.910004,152.179993,155.179993,35.73,131.820007,86.980003,45.330002,148.470001,207.389999,64.389999,69.779999,54.029999,32.700001,88.239998,125.669998,179.25,119.879997,93.5,47.189999,79.239998,82.93,64.010002,,,,,,,,,,,,,,,,,,,,,,,,,,,,,,,
146.589996,80.589996,191.089996,105.75,31.700001,108.129997,106.559998,28.450001,224.199997,153.990005,154.25,35.880001,132.020004,87.269997,45.029999,149.820007,209.110001,63.27,70.650002,54.310001,32.580002,88.059998,126.099998,181.050003,120.059998,95.080002,46.459999,79.519997,82.959999,65.260002,,,,,,,,,,,,,,,,,,,,,,,,,,,,,,,
145.160004,80.839996,192.380005,104.709999,31.6,106.599998,106.139999,28.690001,226.509995,156.759995,153.809998,35.529999,132.770004,87.089996,45.299999,150.679993,210.009995,63.369999,70.269997,54.66,32.689999,88.440002,127.959999,182.360001,120.010002,95.32,46.689999,79.900002,82.07,64.529999,,,,,,,,,,,,,,,,,,,,,,,,,,,,,,,
144.289993,80.699997,195.449997,106.400002,31.58,106.330002,105.980003,28.940001,223.229996,156.770004,154.220001,35.310001,133.039993,86.57,45.25,151.169998,211.289993,63.189999,69.900002,52.900002,32.810001,89.379997,129.020004,180.380005,120.75,94.169998,46.639999,78.910004,82.260002,64.099998,,,,,,,,,,,,,,,,,,,,,,,,,,,,,,,
142.270004,81.449997,196.440002,107.599998,31.629999,108.349998,105.510002,29,221.809998,156.639999,155.380005,35.209999,134.350006,86.18,45.310001,151.990005,213.240005,62.970001,70,51.099998,32.970001,89.660004,129.440002,181.630005,120.43,94.169998,46.630001,75.239998,83.489998,64.389999,,,,,,,,,,,,,,,,,,,,,,,,,,,,,,,
146.339996,81.879997,199.080002,107.489998,31.99,107.459999,105.370003,28.799999,226.130005,158.809998,154.839996,35.509998,134.070007,88.07,45.380001,153.139999,213.360001,63.68,70.870003,52.02,33.220001,89.860001,128.270004,183.020004,121.849998,94.790001,46.57,75.5,82.760002,65.220001,,,,,,,,,,,,,,,,,,,,,,,,,,,,,,,
145.009995,82.510002,198.330002,107.040001,31.85,106.480003,103.940002,28.129999,225.100006,157.669998,154.949997,34.860001,134.220001,87.519997,45.610001,154.070007,213.360001,64.529999,69.910004,51.560001,33.560001,89.629997,128.75,183.270004,121.510002,94.379997,45.939999,75.540001,82.309998,65.099998,,,,,,,,,,,,,,,,,,,,,,,,,,,,,,,
145.869995,82.209999,199.169998,103.470001,31.84,104.489998,104.800003,27.780001,222.490005,156.589996,153.789993,34.580002,134.910004,87.120003,45.220001,153.729996,212.860001,65.459999,70.269997,52.59,33.880001,89.400002,128.580002,184.919998,121.75,94.540001,45.41,76.239998,81.440002,63.68,,,,,,,,,,,,,,,,,,,,,,,,,,,,,,,
145.630005,82.25,199.440002,103.839996,31.85,104.449997,104.220001,27.549999,219.770004,155.479996,154.399994,34.360001,136.050003,87.019997,45.07,154.800003,212.220001,66.019997,70.260002,52.400002,34.060001,89.029999,128.309998,186.5,122.169998,93.949997,45.419998,75.519997,81.080002,63.830002,,,,,,,,,,,,,,,,,,,,,,,,,,,,,,,
146.279999,82.220001,202.229996,104.110001,32.09,105,104.360001,27.57,217.190002,151.309998,154.110001,34.189999,136.429993,86.860001,45.25,154.639999,212.899994,66.160004,71.209999,52.849998,34.169998,89.419998,127.660004,185.25,122.220001,95.580002,45.389999,74.839996,81.610001,63.470001,,,,,,,,,,,,,,,,,,,,,,,,,,,,,,,
145.820007,82.959999,199.979996,104.25,32.240002,104.139999,105.57,27.610001,220.440002,151.419998,155.229996,34.07,136.339996,87.239998,45.43,153.960007,212.610001,65.919998,70.529999,53.279999,34.040001,89.360001,127.949997,185.119995,121.870003,95.220001,45.75,75.5,81.239998,63.57,,,,,,,,,,,,,,,,,,,,,,,,,,,,,,,
143.729996,83.080002,198.889999,103.93,31.76,104.07,105.410004,27.209999,220.279999,152.240005,154.75,33.650002,135.009995,88.050003,45.049999,153.720001,209.779999,65.540001,69.209999,52.950001,33.77,88.610001,127.379997,184.600006,121.589996,94.900002,44.84,76.010002,81.110001,63.09,,,,,,,,,,,,,,,,,,,,,,,,,,,,,,,
145.830002,83.970001,199.619995,106.449997,32.080002,104.279999,106.860001,27.08,223.220001,153.229996,155.320007,34.200001,133.820007,89.82,45.32,154.300003,210.619995,65.160004,69.800003,53.360001,33.75,88.370003,127.779999,185.699997,122.5,96.230003,44.84,76.510002,81.529999,63.25,,,,,,,,,,,,,,,,,,,,,,,,,,,,,,,
143.679993,83.629997,197.460007,105.639999,31.41,104.120003,105.709999,27.02,224.410004,152.160004,154.130005,33.540001,132.639999,91.150002,44.830002,153.130005,207.850006,64.339996,68.489998,53.169998,33.630001,86.989998,126.389999,185.270004,121.650002,94.419998,44.41,75.93,80.699997,62.709999,,,,,,,,,,,,,,,,,,,,,,,,,,,,,,,
144.020004,84.239998,197.75,107.459999,31.299999,104.330002,106.25,27.01,221.899994,153.399994,153.830002,33.740002,132.289993,91.400002,44.849998,153.160004,208.190002,64.089996,68.93,59,33.59,87.150002,126.529999,185.419998,122.110001,93.779999,44.66,75.68,80.730003,63.07,,,,,,,,,,,,,,,,,,,,,,,,,,,,,,,
143.5,85.099998,198.589996,106.970001,31.33,106.300003,107.459999,27.450001,227.279999,154.009995,155.580002,33.459999,132.899994,92.75,44.759998,152.5,209.830002,64.269997,68.169998,58.650002,33.82,87.739998,127.339996,186.649994,122.080002,93.349998,45,75.360001,82.099998,63.939999,,,,,,,,,,,,,,,,,,,,,,,,,,,,,,,
144.089996,84.889999,201.809998,107.489998,31.110001,104.620003,105.629997,27.35,228.039993,152.690002,153.669998,34.34,133.639999,93.68,44.82,153.070007,209.759995,64.160004,69.080002,57.560001,33.639999,87.669998,126.370003,188.25,122.790001,94.010002,44.650002,75.32,80.849998,63.419998,,,,,,,,,,,,,,,,,,,,,,,,,,,,,,,
142.729996,83.739998,201.479996,106.510002,30.719999,103.82,103.349998,26.309999,226.690002,152.050003,152.360001,33.630001,132.520004,93.379997,44.400002,153.089996,208.020004,63.099998,68.57,57.16,33.220001,87.370003,126.18,186.940002,121.889999,93.25,43.52,75.470001,80.120003,63.560001,,,,,,,,,,,,,,,,,,,,,,,,,,,,,,,
144.179993,84.330002,202.369995,106.919998,30.9,103.489998,103.32,26.15,225.279999,152.229996,152.940002,33.880001,132.539993,93.849998,44.389999,156.270004,209.589996,63.16,69.459999,57.98,33.349998,87.650002,127.169998,187.960007,122.610001,93.919998,43.48,75.330002,80.220001,63.889999,,,,,,,,,,,,,,,,,,,,,,,,,,,,,,,
145.059998,84.300003,203.960007,107.839996,30.98,103.040001,103.589996,26.040001,225.839996,151.179993,153.419998,33.650002,131.550003,93.190002,44.380001,155.520004,210.490005,62.830002,69.980003,58.73,33.41,87.089996,125.769997,186.949997,123.059998,95.089996,43.200001,73.230003,80.160004,64.519997,,,,,,,,,,,,,,,,,,,,,,,,,,,,,,,
145.529999,84.160004,206.270004,108.239998,31.09,103.120003,103.839996,26.379999,226.949997,150.600006,153.190002,33.919998,131.229996,92.830002,44.330002,154.910004,209.660004,62.34,69.989998,58.18,33.169998,86.769997,125.050003,185.949997,123.540001,95.410004,42.889999,73.470001,80.599998,64.550003,,,,,,,,,,,,,,,,,,,,,,,,,,,,,,,
145.740005,84.82,206.440002,108.959999,31.16,103.889999,104.379997,26.58,227.389999,152.589996,153.699997,34.25,132.229996,92.510002,44.509998,156.580002,211.300003,62.779999,71.150002,58.220001,33.220001,86.959999,125.25,186.690002,123.709999,96.18,43.220001,73.940002,80.959999,66.279999,,,,,,,,,,,,,,,,,,,,,,,,,,,,,,,
147.770004,85.370003,206.229996,108.470001,31.27,104.129997,104.290001,26.790001,230.399994,153.289993,153.630005,34.240002,131.860001,93.099998,44.43,155.039993,211.089996,62.889999,71.769997,57.939999,33.279999,86.699997,125.43,185.479996,123.07,95.940002,43.490002,75.050003,80.970001,65.610001,,,,,,,,,,,,,,,,,,,,,,,,,,,,,,,
149.039993,85.279999,208.509995,108.769997,31.42,104.440002,105.089996,26.780001,228.600006,152.880005,154.240005,34.68,132.600006,92.25,44.68,155.279999,211.770004,63.060001,72.779999,58,33.43,87.099998,125.720001,186.899994,123.410004,96.93,43.560001,76.339996,81.279999,66.239998,,,,,,,,,,,,,,,,,,,,,,,,,,,,,,,
149.559998,85.220001,209,108.839996,31.5,104.209999,104.790001,26.82,229.259995,153.889999,153.009995,34.470001,132.149994,91.389999,44.73,155.259995,211.679993,62.610001,73.349998,57.790001,33.25,87.550003,126.230003,186.350006,123.110001,96.830002,43.66,76.370003,80.860001,66.120003,,,,,,,,,,,,,,,,,,,,,,,,,,,,,,,
150.080002,85.519997,208.240005,107.07,31.51,103.720001,105.75,26.889999,223.309998,152.169998,154,34.529999,134.460007,91.07,44.669998,153.960007,211.309998,62.41,73.300003,57.650002,33.360001,88.639999,125.529999,186.850006,122.629997,97.580002,43.360001,76.199997,80.599998,65.75,,,,,,,,,,,,,,,,,,,,,,,,,,,,,,,
151.020004,85.93,210.880005,107.849998,31.9,104.459999,106.82,26.940001,222.869995,153.300003,147.529999,34.560001,135.210007,91.199997,44.830002,153.889999,212.100006,62.619999,73.860001,57.77,33.619999,88.349998,126.459999,189.190002,123.080002,98.25,43.450001,75.870003,80.849998,66.769997,,,,,,,,,,,,,,,,,,,,,,,,,,,,,,,
150.339996,85.349998,210.279999,107.32,31.860001,104.629997,107.360001,26.690001,222.300003,147.029999,147.660004,34.75,136.570007,91.199997,44.82,154.210007,212.449997,62.939999,74.220001,59.099998,33.540001,88.599998,124.57,191.5,122.449997,98.110001,44.220001,76.019997,80.860001,66.389999,,,,,,,,,,,,,,,,,,,,,,,,,,,,,,,
150.270004,85.589996,212.139999,106.589996,31.84,103.25,107.089996,25.91,220.179993,146.649994,147.080002,34.73,135.309998,90.889999,45.029999,153.919998,211.160004,62.630001,73.790001,59.950001,33.48,88.610001,125.150002,191.779999,123.489998,99.599998,44.23,76.150002,80.120003,66.139999,,,,,,,,,,,,,,,,,,,,,,,,,,,,,,,
152.089996,85,212.179993,108.18,31.860001,103.199997,107,25.43,218.179993,144.580002,145.990005,34.5,133.009995,91.279999,44.84,151.850006,210,62.57,73.599998,58.950001,33.32,88.18,126.379997,190.889999,123.129997,100.370003,43.709999,76.889999,79.870003,66.220001,,,,,,,,,,,,,,,,,,,,,,,,,,,,,,,
152.740005,85.410004,212.460007,114.540001,32.119999,104.389999,106.419998,25.440001,221.580002,146.970001,146.190002,34.669998,131.880005,92.800003,45.240002,159.070007,199.389999,62.360001,74.190002,59.389999,33.099998,89.139999,127.459999,190.399994,120.419998,99.989998,43.98,78.519997,80.269997,66.849998,,,,,,,,,,,,,,,,,,,,,,,,,,,,,,,
153.460007,85.300003,233.449997,113.519997,31.66,105.120003,106.940002,25.59,222.25,146.690002,145.360001,34.75,130.949997,91.93,45.740002,156.509995,199.029999,61.799999,74.050003,58.360001,32.889999,89.300003,126,190.75,119.540001,100.849998,44.400002,78.900002,80.370003,66.419998,,,,,,,,,,,,,,,,,,,,,,,,,,,,,,,
150.559998,83.849998,241,114.370003,31.57,106.110001,110,25.790001,221.479996,147.729996,145.070007,34.970001,130.830002,91.550003,46.119999,156.949997,200.050003,63.689999,73.160004,58.150002,33,90.68,125.879997,188.929993,118.690002,99.57,47.810001,79.779999,80.830002,66.099998,,,,,,,,,,,,,,,,,,,,,,,,,,,,,,,
149.5,84.800003,241.270004,114.099998,31.52,108.120003,109.959999,25.530001,223.610001,148.080002,144.289993,35.310001,131.850006,91.279999,46.009998,155.850006,199.720001,64.110001,73.040001,58.669998,33.150002,90.209999,127.209999,191.149994,118.870003,99.150002,47.939999,79.809998,79.599998,65.68,,,,,,,,,,,,,,,,,,,,,,,,,,,,,,,
148.729996,85.230003,242.460007,113.949997,31.450001,109.190002,109.93,25.610001,225.330002,149.600006,144.669998,35.470001,132.720001,91.800003,45.84,155.139999,201.169998,63.880001,72.699997,59.049999,33.16,90.82,128.089996,191.809998,118.57,99.559998,48.400002,79.989998,80.040001,64.239998,,,,,,,,,,,,,,,,,,,,,,,,,,,,,,,
150.050003,85.239998,239.440002,113.099998,31.65,110.779999,110.610001,25.440001,227,149.850006,145.300003,36.349998,132.509995,93.029999,45.700001,154.039993,203.179993,63.919998,72.580002,59.84,33.080002,91.099998,129.210007,192.229996,118.879997,100.870003,48.889999,80.5,80.169998,64.690002,,,,,,,,,,,,,,,,,,,,,,,,,,,,,,,
157.139999,85.300003,237.949997,113.089996,31.52,110.459999,108.669998,25.52,226.270004,150.5,144.449997,36.639999,132.160004,93.110001,45.59,156.589996,205.410004,63.439999,72.260002,59.790001,32.919998,91.040001,128.729996,193,120.349998,101.279999,48.209999,80.529999,80.599998,64.300003,,,,,,,,,,,,,,,,,,,,,,,,,,,,,,,
155.570007,85.540001,238.25,113.559998,31.559999,109.43,109.120003,25.76,223.990005,150.789993,144.940002,36.490002,133.350006,92.5,45.669998,154.720001,207.619995,63.52,72.150002,60.139999,33.43,90.860001,129.559998,194.770004,121.099998,100.589996,48.610001,80.870003,80.489998,63.43,,,,,,,,,,,,,,,,,,,,,,,,,,,,,,,
156.389999,85.970001,237.710007,114.349998,31.799999,110.110001,107.690002,25.780001,229.789993,152.75,145.160004,36.299999,133.179993,93.660004,45.5,153.820007,207.649994,63.099998,72.68,59.759998,33.639999,90.669998,129.690002,194.880005,121.489998,100.889999,48.91,80.480003,80.209999,64.110001,,,,,,,,,,,,,,,,,,,,,,,,,,,,,,,
158.809998,85.849998,240.229996,114.709999,31.84,109.779999,106.349998,25.629999,232.919998,153.350006,143.470001,36.43,132.860001,94.019997,45.639999,154.970001,207.440002,62.84,72.400002,59.790001,33.310001,91.440002,128.800003,194.779999,118.519997,101.489998,48.860001,81.279999,80.160004,63.880001,,,,,,,,,,,,,,,,,,,,,,,,,,,,,,,
160.080002,85.940002,239.5,114.410004,31.67,110.349998,106.980003,25.559999,232.050003,153.350006,142.110001,36.41,132.270004,93.68,45.599998,154.919998,206.429993,62.32,72.790001,59.459999,33.279999,91.580002,128.550003,194.899994,118.190002,101.279999,48.599998,81.589996,79.959999,63.41,,,,,,,,,,,,,,,,,,,,,,,,,,,,,,,
161.059998,85.690002,234.309998,114.339996,31.620001,110.889999,102.830002,25.709999,231.009995,155.259995,141.770004,36.59,133.229996,93.529999,45.59,154.919998,206.479996,62.490002,72.470001,59.900002,33.450001,91.919998,130.149994,194.830002,117.199997,100.970001,48.220001,81.610001,80.209999,63.5,,,,,,,,,,,,,,,,,,,,,,,,,,,,,,,
155.320007,84.559998,232.880005,113.150002,31,110.110001,101.349998,25.299999,225.5,153.880005,141.839996,36.139999,133.089996,92.190002,45.740002,156.619995,206.229996,62.18,71.410004,59.07,33.419998,91.739998,129.690002,192.570007,116.760002,99.489998,48.02,80.660004,78.970001,63.110001,,,,,,,,,,,,,,,,,,,,,,,,,,,,,,,
157.479996,84.290001,234.880005,112.849998,31.469999,109.230003,101.989998,25.200001,224.149994,154.880005,141.839996,35.869999,133.100006,91.419998,45.59,157.300003,205.979996,62.380001,72.5,58.970001,33.25,91.339996,128.179993,193.020004,116.889999,100.089996,48.060001,80.400002,78.209999,63.259998,,,,,,,,,,,,,,,,,,,,,,,,,,,,,,,
159.850006,85.470001,237.149994,113.709999,31.84,108.709999,101.400002,25.360001,227.360001,154.259995,142.320007,36.34,133.479996,92.489998,45.799999,157.259995,207.369995,62.669998,73.589996,59.779999,33.310001,91.650002,128.789993,193.710007,117.150002,101.870003,48.779999,80.699997,78.230003,63.41,,,,,,,,,,,,,,,,,,,,,,,,,,,,,,,
161.600006,86.790001,239.169998,113.650002,32.09,108.57,101.510002,25.139999,227.589996,150.169998,142.070007,36,133.380005,92.730003,46.189999,157.619995,207.179993,62.5,73.220001,58.560001,33.380001,92.199997,129.050003,194.5,115.959999,102.629997,48.48,80.769997,78.040001,63.669998,,,,,,,,,,,,,,,,,,,,,,,,,,,,,,,
160.949997,87.389999,237.589996,114.120003,32.34,106.839996,102.199997,25.1,225.610001,152.25,142.5,35.810001,134.169998,92.089996,46.200001,158.899994,207.919998,62.700001,73.650002,58.540001,33.360001,92.440002,129.470001,193.770004,118,103.32,48.41,80.980003,77.470001,63.939999,,,,,,,,,,,,,,,,,,,,,,,,,,,,,,,
157.860001,86.089996,235.589996,113.139999,31.040001,105.919998,101.379997,24.75,221.419998,149.669998,140.699997,35.169998,133.039993,90.650002,45.860001,157.889999,205.350006,61.84,72.400002,57.459999,32.950001,92.07,128.190002,192.699997,116.099998,102.160004,47.889999,79.699997,76.260002,63.18,,,,,,,,,,,,,,,,,,,,,,,,,,,,,,,
157.5,85.379997,235.770004,113.919998,30.370001,106.480003,100.699997,24.549999,222.149994,147.490005,139.699997,35.009998,132.630005,90.739998,45.669998,157.759995,203.529999,61.490002,72.489998,54.950001,32.669998,92.470001,127.889999,190.820007,115.480003,102.510002,47.689999,79.309998,76.639999,63.400002,,,,,,,,,,,,,,,,,,,,,,,,,,,,,,,
157.210007,85.300003,235.679993,113.599998,30.68,105.779999,101.169998,24.49,220.789993,149.199997,140.330002,34.919998,133.449997,90.629997,45.68,158.360001,204.550003,61.970001,72.150002,53.610001,32.759998,92.860001,127.449997,192.029999,115.279999,103.220001,48.139999,79.709999,76.379997,63.860001,,,,,,,,,,,,,,,,,,,,,,,,,,,,,,,
159.779999,85.300003,239.75,115.82,31.27,106.360001,102.769997,24.6,223.580002,149.910004,141.009995,34.650002,134.699997,91.559998,45.599998,159.639999,205.460007,62.419998,73.160004,54.130001,33.150002,92.790001,127.769997,194.789993,115.690002,104.07,48.349998,80.019997,76.739998,64.779999,,,,,,,,,,,,,,,,,,,,,,,,,,,,,,,
159.979996,85.279999,238.089996,114.75,30.92,106.610001,101.5,24.389999,222.740005,149.100006,142.139999,34.66,132.800003,91.669998,45.540001,158.809998,202.669998,62.150002,72.720001,53.610001,33.240002,92.440002,127.160004,194.240005,117.029999,103.18,48.279999,79.959999,76.610001,64.580002,,,,,,,,,,,,,,,,,,,,,,,,,,,,,,,
159.270004,85.360001,238.740005,114.779999,31.24,107.440002,101.519997,24.299999,222.990005,148.25,142.940002,34.709999,132.889999,91.519997,45.41,158.410004,202.119995,62.709999,72.690002,53.84,33.23,92.269997,125.57,194.75,115.300003,103.220001,48.310001,78.339996,76.330002,64.349998,,,,,,,,,,,,,,,,,,,,,,,,,,,,,,,
159.860001,85.470001,235.889999,115.349998,31.440001,108.230003,102.410004,24.49,222.470001,149.649994,143.740005,34.669998,131.679993,91.889999,45.57,158.820007,202.130005,62.939999,72.82,53.900002,33.389999,92.510002,126.470001,194.360001,115.07,103.349998,48.68,78.629997,76.720001,64.540001,,,,,,,,,,,,,,,,,,,,,,,,,,,,,,,
161.470001,85.410004,237.179993,115.07,31.540001,107.760002,102.559998,24.469999,220.350006,151.389999,142.509995,34.650002,131.740005,91.599998,45.419998,159.669998,202.460007,63.32,72.830002,53.73,33.470001,92.470001,123.230003,195.089996,115.330002,103.779999,48.610001,78.029999,76.470001,64.669998,,,,,,,,,,,,,,,,,,,,,,,,,,,,,,,
162.910004,85.419998,240.490005,116.010002,31.48,107.860001,102.57,24.440001,219.960007,149.839996,143.139999,34.73,132.210007,91.099998,45.450001,159.380005,202.919998,63.119999,73.050003,52.73,33.5,92.32,123.010002,196.729996,118.699997,103.769997,48.509998,78.769997,76.449997,64.220001,,,,,,,,,,,,,,,,,,,,,,,,,,,,,,,
163.350006,85.690002,240.460007,117.550003,31.99,107.730003,102.870003,24.280001,222.419998,150,142.559998,34.889999,131.070007,91.309998,45.389999,159.529999,203.690002,63.119999,74.010002,52.560001,33.450001,91.870003,121.809998,195.880005,119.599998,103.730003,48.119999,78.540001,76.099998,64.900002,,,,,,,,,,,,,,,,,,,,,,,,,,,,,,,
164,86.099998,239.660004,117.489998,32.209999,107.620003,101.199997,24.549999,223.740005,149.869995,143.029999,35.07,132.369995,90.889999,45.549999,159.970001,204.320007,63.860001,74.769997,52.810001,33.919998,92.269997,121.18,198.899994,119.720001,103.519997,47.970001,78.07,76.330002,66.650002,,,,,,,,,,,,,,,,,,,,,,,,,,,,,,,
164.050003,86.139999,240.330002,118.279999,32.299999,108.760002,101.5,25.139999,225.880005,150.779999,144.080002,35.09,131.029999,91.699997,45.779999,159.809998,203.559998,63.830002,73.940002,53.360001,33.959999,92.529999,119.900002,199.75,117.919998,103.900002,47.919998,78.370003,76.57,67.18,,,,,,,,,,,,,,,,,,,,,,,,,,,,,,,
162.080002,85.309998,237,118.300003,31.620001,109.440002,101.599998,24.75,217.779999,152.929993,143.039993,35.02,129.899994,89.510002,45.919998,159.100006,200.979996,63.619999,73.610001,53.009998,33.799999,92.720001,115.43,199.309998,111.209999,103.010002,47.360001,79.800003,77.18,64.980003,,,,,,,,,,,,,,,,,,,,,,,,,,,,,,,
161.910004,85.230003,234.619995,116.980003,31.870001,111.790001,101.5,24.92,218.830002,156.559998,143.820007,35.759998,130.669998,90.110001,45.959999,158.220001,202.050003,64,73.400002,52.759998,33.990002,92.720001,117.730003,198.380005,109.610001,103.18,46.91,80.080002,78.779999,64.870003,,,,,,,,,,,,,,,,,,,,,,,,,,,,,,,
161.259995,84.410004,236.309998,117.769997,31.76,111.800003,97.059998,24.02,215.839996,157.929993,142.899994,35.540001,132.190002,88.529999,46.279999,159.899994,204.460007,64.32,74.339996,52.389999,33.990002,92.970001,115.18,198.169998,109.980003,104.559998,46.200001,80.120003,79.029999,64.68,,,,,,,,,,,,,,,,,,,,,,,,,,,,,,,
158.630005,84.25,238.779999,117.82,31.48,110.779999,97.07,23.82,217.210007,159.660004,142.449997,35.189999,130.979996,88.419998,46.299999,159.710007,205.690002,64.269997,73.980003,52.200001,34.099998,92.839996,119.760002,197.75,109.550003,104.43,46.110001,78.879997,78.82,64.849998,,,,,,,,,,,,,,,,,,,,,,,,,,,,,,,
161.5,85.690002,240.589996,118.870003,32.189999,112.519997,97.089996,23.719999,221.059998,158.369995,144.860001,35.77,133.210007,89.790001,46.52,161.529999,209.559998,65.129997,74.760002,53.029999,34.32,93.989998,122.559998,199.580002,109.639999,106.150002,46.299999,79.080002,79.25,66.849998,,,,,,,,,,,,,,,,,,,,,,,,,,,,,,,
160.860001,86.550003,240.580002,120.940002,32.41,112.489998,97.889999,23.91,225.949997,159.910004,145.759995,36.09,132.630005,90.889999,46.720001,156.330002,209.639999,65.459999,74.68,53.400002,35.369999,93.510002,122.480003,197.470001,109.860001,106.209999,46.790001,79.610001,79.5,68.519997,,,,,,,,,,,,,,,,,,,,,,,,,,,,,,,
159.649994,86.639999,241.929993,119.629997,32.18,114.18,98.82,24.110001,226.559998,160.020004,145.990005,36.330002,132.449997,91.150002,46.869999,157,209.490005,65.449997,75.209999,53.52,35.060001,93.550003,121.510002,198.330002,110.279999,105.830002,47.25,79.860001,79.769997,69.5,,,,,,,,,,,,,,,,,,,,,,,,,,,,,,,
158.279999,86.190002,245.229996,120.480003,32.189999,114.449997,97.900002,24.26,226.850006,159.380005,145.539993,36.48,134.179993,90.970001,46.110001,157,211.429993,66.120003,74.769997,53.73,35.73,93.550003,119.959999,197.729996,113.139999,106.080002,47.18,79.68,80.089996,70.019997,,,,,,,,,,,,,,,,,,,,,,,,,,,,,,,
159.880005,86.989998,249,121.370003,32.439999,114.629997,98.519997,23.93,225.220001,158.399994,144.820007,37,134.449997,91.620003,46.18,156.919998,213.350006,66.160004,75.309998,53.869999,35.360001,93.269997,120.699997,198.179993,113.080002,105.300003,47.860001,80.379997,80.07,69.860001,,,,,,,,,,,,,,,,,,,,,,,,,,,,,,,
158.669998,87.870003,253.080002,123.830002,32.52,115.190002,98.099998,24.459999,227.529999,157.809998,144.550003,37,135.380005,92.919998,46.110001,156.679993,213.759995,65.989998,75.160004,53.5,35.549999,93.150002,120.720001,198.190002,112.769997,104.830002,48.09,80,80.089996,69.769997,,,,,,,,,,,,,,,,,,,,,,,,,,,,,,,
158.729996,89,252.460007,124.739998,32.490002,116.339996,98.43,24.200001,228.910004,157.660004,144.389999,37.23,135.220001,93.940002,45.98,157.429993,213.559998,65.949997,75.440002,53.330002,35.450001,94.169998,120.580002,194.649994,113.650002,105.410004,49.34,80.050003,80.220001,70.050003,,,,,,,,,,,,,,,,,,,,,,,,,,,,,,,
156.070007,88.43,255.460007,124.849998,32.599998,116.370003,99.209999,24.32,229.789993,158.679993,145.880005,37.07,133.220001,94.599998,45.779999,159.880005,210.509995,65.790001,74.940002,53.560001,35.990002,94.400002,121.910004,195.75,114.099998,104.970001,49.48,80.5,80.550003,70.410004,,,,,,,,,,,,,,,,,,,,,,,,,,,,,,,
153.389999,88.419998,256.040009,124.790001,32.700001,116.470001,98.889999,24.75,231.289993,159.190002,145.259995,37.200001,131.75,95.029999,45.400002,159.029999,210.440002,65.599998,74.209999,53.189999,35.970001,92.639999,121.489998,195.210007,114.5,105.309998,48.939999,80.010002,79.889999,70.32,,,,,,,,,,,,,,,,,,,,,,,,,,,,,,,
151.889999,88.400002,256.450012,124.43,33.369999,117.290001,98.599998,24.870001,231.029999,159.970001,145.130005,37.18,131.389999,94.830002,45.490002,158.910004,210.759995,65.129997,74.410004,53.240002,35.959999,92.239998,122.040001,193.029999,115.010002,105.559998,49.900002,79.529999,79.919998,69.959999,,,,,,,,,,,,,,,,,,,,,,,,,,,,,,,
150.550003,88.209999,254.320007,124.32,33.720001,117.989998,99.57,25.110001,230.259995,161.100006,145.869995,37.16,131.169998,94.120003,45.689999,156.259995,210.729996,65.18,73.260002,53.23,35.509998,92.720001,122.669998,191.75,114.290001,103.019997,49.900002,79.150002,80.980003,70.339996,,,,,,,,,,,,,,,,,,,,,,,,,,,,,,,
153.139999,88.690002,253.699997,124.510002,33.759998,117.519997,98.629997,24.93,229.940002,161.259995,146.559998,37.470001,130.940002,93.699997,45.57,153.350006,211.029999,64.760002,73.260002,53.700001,35.299999,92.650002,122.57,192.699997,114.720001,102.940002,49.509998,79.389999,80.889999,69.349998,,,,,,,,,,,,,,,,,,,,,,,,,,,,,,,
154.229996,89.489998,255.279999,124.519997,33.48,117.449997,99.239998,24.370001,234.759995,160.919998,145.660004,37.540001,129.75,95.18,44.639999,154.050003,209.479996,64.57,73.849998,52.669998,35.450001,90.870003,122.589996,194.490005,117.18,103.889999,49.509998,79.290001,81.43,68.800003,,,,,,,,,,,,,,,,,,,,,,,,,,,,,,,
153.279999,90.139999,254.270004,125.230003,33.349998,117.620003,98.050003,24.24,235.470001,162.360001,145.660004,37.830002,129.470001,95.379997,44.91,157.490005,209.550003,64.290001,73.870003,52.630001,35.599998,90.889999,122.800003,196.100006,115.839996,104.580002,49.41,78.949997,82.190002,69.059998,,,,,,,,,,,,,,,,,,,,,,,,,,,,,,,
154.119995,90.459999,254.210007,124.709999,33.630001,117.5,98.57,24.18,237.190002,163.559998,145.080002,38.080002,130.009995,95.510002,45.009998,156.679993,209.899994,64.029999,74.489998,51.849998,35.700001,90.980003,122.519997,195.850006,116.080002,105.239998,49.490002,78.139999,81.980003,69.230003,,,,,,,,,,,,,,,,,,,,,,,,,,,,,,,
153.809998,90.540001,255.990005,124.720001,33.75,117.43,99.860001,24.57,240.649994,164.020004,146.660004,39.040001,131.220001,96.839996,44.799999,156.960007,212.759995,64.550003,74.610001,51.869999,36.07,91.769997,123.32,197.440002,117.580002,105.440002,49.360001,78.449997,81.629997,70.419998,,,,,,,,,,,,,,,,,,,,,,,,,,,,,,,
154.479996,91.43,255.460007,125.510002,33.849998,117.82,100.790001,24.799999,241.619995,165.169998,146.779999,39.380001,132.100006,97.349998,45.189999,156.860001,214.570007,64.370003,74.260002,51.470001,36.139999,92.120003,123.699997,198.630005,117.709999,105.589996,49.849998,79.220001,81.760002,70.360001,,,,,,,,,,,,,,,,,,,,,,,,,,,,,,,
153.479996,91.010002,255.759995,126.739998,33.439999,117.580002,100.550003,24.48,240.309998,165.289993,146.479996,39.34,132.889999,96.360001,45.5,157.210007,216.520004,64.599998,74.690002,52.080002,35.959999,92.419998,123.900002,200.479996,117.629997,105.309998,49.900002,79.089996,81.790001,70.449997,,,,,,,,,,,,,,,,,,,,,,,,,,,,,,,
155.389999,91.160004,258.890015,126.400002,33.59,118.580002,100.110001,24.540001,246.059998,166.119995,146.720001,39.529999,133.190002,97.089996,45.52,158.800003,216.369995,64.599998,75.970001,52.18,36,92.029999,124.440002,197.899994,118.169998,106.239998,49.77,79.410004,82.019997,70.970001,,,,,,,,,,,,,,,,,,,,,,,,,,,,,,,
155.300003,91.550003,258.579987,126.93,33.75,117.029999,100.07,24.389999,246.020004,165.850006,146.479996,39.630001,133.220001,96.919998,45.490002,159.600006,216.520004,64.550003,76,52.419998,36.049999,92.330002,125.07,198.059998,118.230003,106.730003,48.810001,79,81.709999,71.220001,,,,,,,,,,,,,,,,,,,,,,,,,,,,,,,
155.839996,91.690002,258.390015,126.879997,33.759998,117.709999,99.57,23.43,242.800003,165.710007,147.389999,39.860001,133.449997,96.410004,45.41,160.119995,216.679993,64.330002,76.290001,51.52,36.139999,92.120003,124.949997,196.300003,118.629997,107.010002,49.049999,80.529999,82.029999,71.68,,,,,,,,,,,,,,,,,,,,,,,,,,,,,,,
155.899994,91.889999,260.929993,128.190002,33.549999,118.800003,99.580002,23.360001,242.600006,165.160004,148.5,39.650002,133.899994,97.129997,45.869999,160.580002,216.75,64.459999,76.290001,51.529999,36.400002,91.620003,125.940002,194.679993,118.120003,107.309998,49.139999,84.129997,82.260002,71.57,,,,,,,,,,,,,,,,,,,,,,,,,,,,,,,
156.550003,91.959999,261.440002,128.600006,33.59,119.330002,98.550003,23.07,242.399994,165.25,147.619995,39.299999,136.649994,96.839996,46.099998,163.149994,216.509995,63.779999,76.419998,51.029999,36.450001,91.459999,125.610001,195.259995,117.75,108.440002,48.860001,85.730003,82.599998,71.620003,,,,,,,,,,,,,,,,,,,,,,,,,,,,,,,
156,91.610001,261.910004,129.990005,33.259998,119.139999,96.93,23.049999,239.800003,164.589996,147.029999,39.189999,136.830002,95.989998,46.110001,163.910004,217.589996,63.830002,77.120003,50.830002,36.349998,92.150002,125.949997,192.919998,118.82,108.110001,48.349998,86.099998,82.43,71.400002,,,,,,,,,,,,,,,,,,,,,,,,,,,,,,,
156.990005,92.860001,260.73999,130.710007,33.470001,119.160004,97.379997,22.98,238.529999,164.470001,147.100006,39.669998,136.429993,95.860001,46.18,165.369995,217.720001,63.389999,77.489998,50.98,36.34,93.040001,126.669998,192.520004,118.720001,108.660004,47.860001,86.620003,82.410004,71.43,,,,,,,,,,,,,,,,,,,,,,,,,,,,,,,
159.880005,91.959999,259.75,131.470001,33.540001,120.129997,98.129997,23.360001,242.410004,164.220001,146.830002,39.759998,136.119995,97.839996,46.619999,165.009995,218.720001,63.34,77.650002,51.369999,35.98,93.139999,128.820007,193.199997,119.010002,108.300003,48.09,85.739998,82.809998,70.93,,,,,,,,,,,,,,,,,,,,,,,,,,,,,,,
160.470001,91.690002,258.619995,130.539993,33.599998,120.220001,98.360001,23.190001,236.089996,163.350006,146.539993,39.790001,140.789993,97.620003,46.52,165.399994,217.75,63.220001,77.589996,52,36.200001,92.800003,128.649994,203.889999,119.360001,107.540001,48.400002,85.980003,82.959999,70.879997,,,,,,,,,,,,,,,,,,,,,,,,,,,,,,,
159.759995,92.080002,260.040009,131.289993,33.549999,118.150002,98.25,23.120001,242.029999,163.449997,159.529999,40.25,140.679993,97.989998,46.400002,165.770004,218.270004,63.509998,77.610001,52.299999,35.830002,92.769997,130.020004,205.229996,119.18,107.800003,48.650002,86.220001,82.760002,70.779999,,,,,,,,,,,,,,,,,,,,,,,,,,,,,,,
155.979996,91.900002,259.040009,131.550003,33.75,118.199997,99.010002,23.58,239.990005,163.240005,160.899994,40.09,142.039993,98.110001,46.59,166.5,219.240005,63.75,77.910004,52.689999,36.240002,91.589996,133.169998,203.25,119.489998,107.019997,49.209999,86.400002,82.739998,70.889999,,,,,,,,,,,,,,,,,,,,,,,,,,,,,,,
156.25,92.089996,264.75,131.360001,34.25,118.639999,99.400002,23.83,244.729996,163.429993,162.070007,40.43,142.399994,99.510002,46.380001,166.300003,221.320007,63.880001,78.809998,53.060001,36.419998,88.25,133.320007,207.490005,120.93,107.550003,49.529999,87.440002,83.110001,71.18,,,,,,,,,,,,,,,,,,,,,,,,,,,,,,,
156.169998,92.379997,262.320007,131.679993,34.349998,118.93,98.699997,22.32,242.130005,164.740005,159.550003,40.830002,143.619995,99.339996,46.32,163.339996,221.550003,63.400002,78.830002,53.66,36.400002,87.300003,134.449997,207.009995,120.889999,107.529999,48.990002,88.650002,83.239998,71.550003,,,,,,,,,,,,,,,,,,,,,,,,,,,,,,,
157.100006,93.860001,266,138.240005,34.580002,119.230003,98.290001,21.889999,244.839996,166.029999,155.880005,40.950001,141.639999,100.919998,46.18,163.880005,234.649994,63.110001,78.860001,53.419998,36.27,86.980003,133.190002,208.149994,119.739998,108.410004,48.939999,87.980003,83.470001,71.860001,,,,,,,,,,,,,,,,,,,,,,,,,,,,,,,
156.410004,93.529999,258.420013,136.839996,34.299999,118.440002,97.800003,21.5,241.710007,166.070007,153.5,40.779999,142.360001,101.019997,46.049999,163.580002,237.679993,62.450001,78.629997,54.939999,36.16,86.860001,131.779999,207.559998,118.989998,109.489998,48.639999,88.480003,83.169998,71.089996,,,,,,,,,,,,,,,,,,,,,,,,,,,,,,,
157.410004,95.690002,259.269989,136.940002,34.27,118.440002,98.559998,21.32,241.720001,167.649994,153.600006,41.349998,141.809998,101.739998,46.23,164.009995,232.940002,61.990002,78.760002,56.810001,35.740002,87.5,131.940002,209.149994,119.93,109.800003,48.889999,88.620003,83.470001,73.050003,,,,,,,,,,,,,,,,,,,,,,,,,,,,,,,
163.050003,95.790001,256.459991,137.809998,34.43,113.540001,98.309998,20.790001,241.710007,167.339996,153.679993,44.400002,141.779999,101.769997,46.07,165.389999,234.740005,58.240002,83.809998,55.959999,35.599998,87.040001,131.059998,212.600006,119.07,109.709999,48.869999,88.169998,83.709999,72.540001,,,,,,,,,,,,,,,,,,,,,,,,,,,,,,,
166.720001,95.07,259.25,136.490005,34.040001,114.389999,98.040001,20.41,240.889999,165.309998,154.360001,44.369999,140,101.410004,45.860001,166.229996,231.020004,54.709999,83.889999,55.27,35.150002,86.269997,132.619995,209.389999,119.830002,110.040001,47.830002,86.949997,83.540001,71.68,,,,,,,,,,,,,,,,,,,,,,,,,,,,,,,
169.039993,95.519997,257.980011,135.800003,34.150002,115.889999,97.809998,20.16,242.479996,165.779999,154.059998,45.490002,139.410004,100.610001,45.98,166.910004,230.190002,55.09,83.18,54.990002,35.060001,86.339996,132.449997,210.220001,119.760002,109.980003,47.869999,87.309998,83.349998,72.309998,,,,,,,,,,,,,,,,,,,,,,,,,,,,,,,
166.889999,95.790001,258.5,136.289993,34.619999,115.900002,99.029999,20.02,244.259995,165.380005,154.029999,46.709999,139.979996,100.919998,45.799999,166.369995,230.179993,55.34,83.18,55.07,35.259998,86.889999,133.470001,209.529999,120.120003,111.07,47.830002,87.940002,83.870003,73.32,,,,,,,,,,,,,,,,,,,,,,,,,,,,,,,
168.110001,95.980003,262.630005,136.470001,34.209999,115.330002,98.349998,19.940001,246.880005,162.710007,153.350006,47.099998,139.929993,101.589996,45.880001,168.100006,232.229996,55.369999,84.050003,55.119999,35.459999,86.510002,134.690002,211.100006,121.459999,110.980003,47.459999,88.800003,83.529999,72.040001,,,,,,,,,,,,,,,,,,,,,,,,,,,,,,,
172.5,96.43,261.75,136.630005,34.470001,114.989998,98.639999,20.139999,244.399994,164.389999,151.580002,46.34,140.080002,101.410004,45.970001,168.649994,232.220001,56.060001,84.139999,55.709999,35.549999,86.580002,133.320007,212.869995,121.07,111.360001,47.419998,89.68,83.18,71.160004,,,,,,,,,,,,,,,,,,,,,,,,,,,,,,,
174.25,96.290001,264.070007,137.710007,34.41,117.040001,100.639999,20.129999,243.490005,164.220001,150.839996,46.700001,139.759995,100.779999,45.470001,170.070007,230.309998,55.880001,84.470001,56.040001,35.32,86.050003,133.440002,212.119995,120.389999,111.919998,45.529999,88.699997,83.75,70.239998,,,,,,,,,,,,,,,,,,,,,,,,,,,,,,,
174.809998,95.370003,266.130005,138.809998,34.400002,117.239998,101.610001,20.209999,239.809998,163.660004,151.350006,46.779999,139.770004,98.75,45.939999,170.770004,230.050003,55.59,84.269997,55.150002,35.360001,86.980003,133.720001,212.699997,120.75,112.089996,45.57,88.949997,83.580002,71.139999,,,,,,,,,,,,,,,,,,,,,,,,,,,,,,,
176.240005,95.129997,265.570007,137.289993,34.5,116.669998,101.18,20.120001,241.25,164.050003,151.570007,46.700001,141.320007,97.639999,46.18,170.100006,229.830002,56.580002,84.559998,55.759998,35.34,87.580002,133.520004,210.770004,120.279999,112.470001,45.459999,90.260002,83.470001,70.809998,,,,,,,,,,,,,,,,,,,,,,,,,,,,,,,
175.880005,93.75,262.700012,135.339996,34.049999,117.239998,102.68,19.99,240.789993,163.270004,150.300003,46.299999,140.350006,97.629997,46.23,167,228.389999,56.209999,84.089996,56.130001,35.200001,87.779999,134.529999,211.559998,118.370003,112.139999,45.07,90.300003,83.970001,70.230003,,,,,,,,,,,,,,,,,,,,,,,,,,,,,,,
174.669998,93.519997,260.850006,136.479996,33.990002,117.18,104.779999,20.49,240.149994,164.110001,149.160004,45.580002,139.559998,97.510002,46.540001,165.589996,227.449997,55.48,83.870003,56.09,35.18,88.160004,135.539993,211.070007,118.110001,111.879997,44.880001,90.919998,82.940002,69.970001,,,,,,,,,,,,,,,,,,,,,,,,,,,,,,,
173.970001,93.900002,262.420013,136.529999,33.950001,117.230003,104.739998,19.02,240.270004,165.350006,148.399994,45.75,139.759995,97.860001,46.720001,167.369995,228.220001,55.099998,83.93,55.91,35.299999,89,133.320007,212.660004,117.07,111.400002,44.75,90.989998,82.889999,70.459999,,,,,,,,,,,,,,,,,,,,,,,,,,,,,,,
171.339996,93.760002,261.76001,137.539993,34.040001,116.919998,103.169998,17.9,237.240005,168.059998,148.889999,45.860001,139.490005,97.269997,47.43,168.110001,229.330002,54.990002,84.050003,55.98,35.380001,88.870003,133.860001,211.710007,118.800003,111.980003,44.220001,91.089996,82.239998,68.57,,,,,,,,,,,,,,,,,,,,,,,,,,,,,,,
169.080002,93.260002,262.859985,134.100006,34.110001,116.449997,103.690002,18.26,237.610001,165.470001,147.100006,45.459999,139.100006,98.190002,46.810001,167.320007,227.399994,54.799999,82.980003,56.630001,35.360001,88.230003,133.710007,209.860001,117.57,110.25,44.110001,89.830002,81.209999,68.970001,,,,,,,,,,,,,,,,,,,,,,,,,,,,,,,
171.100006,93.559998,263.700012,136.360001,35.880001,114.57,103.599998,18.25,239.369995,167.5,149.119995,45.650002,138.869995,98.470001,46.549999,168.089996,229.419998,55.169998,83.199997,57.23,35.560001,89.25,130.809998,211.130005,117.889999,111.019997,44.77,99.620003,80.559998,70.68,,,,,,,,,,,,,,,,,,,,,,,,,,,,,,,
170.149994,93.690002,262.26001,136.130005,35.900002,114.709999,103.440002,18.209999,238.020004,167.740005,148.970001,44.630001,138,98.139999,45.709999,166.720001,229.360001,55.200001,82.400002,59.189999,35.369999,88.43,129.919998,209.899994,116.529999,109.82,45.419998,97.470001,80.239998,70.739998,,,,,,,,,,,,,,,,,,,,,,,,,,,,,,,
169.979996,93.949997,264.630005,136.910004,36.5,114.720001,102.75,17.98,238.130005,170.449997,150.509995,44.619999,137.929993,99.010002,45.459999,166.929993,231.490005,54.099998,82.529999,59.25,35.349998,88.269997,129.770004,210.25,116.379997,109.949997,46.200001,97.480003,80.550003,70.849998,,,,,,,,,,,,,,,,,,,,,,,,,,,,,,,
173.139999,94.410004,266.98999,137.600006,36.650002,115.169998,103,17.83,238.020004,172.860001,151.949997,44.939999,138.339996,98.93,45.779999,168.300003,234.089996,54.27,83.720001,59.389999,35.540001,88.720001,130.630005,212.600006,117.040001,111.449997,46.18,96.519997,80.870003,71.260002,,,,,,,,,,,,,,,,,,,,,,,,,,,,,,,
174.960007,93.82,265.149994,138.009995,36.450001,115.910004,102.739998,18.15,236.429993,172.059998,151.770004,44.650002,137.289993,98.639999,45.84,169.050003,231.580002,54.369999,83.110001,59.07,35.43,88.330002,130.009995,211.220001,116.730003,110.82,47.099998,96.410004,81.099998,70.599998,,,,,,,,,,,,,,,,,,,,,,,,,,,,,,,
174.970001,93.480003,265.880005,137.389999,36.490002,116.510002,102.639999,18.190001,235.949997,172.330002,151.839996,44.75,138.009995,98.32,45.880001,169.110001,231.380005,54.349998,83.260002,59.32,35.490002,88.449997,129.830002,212.509995,116.910004,111.970001,47.009998,96.620003,81.419998,71.160004,,,,,,,,,,,,,,,,,,,,,,,,,,,,,,,
174.089996,93.470001,265.579987,137.190002,36.869999,115.589996,102.790001,18.120001,235.110001,174.160004,151.979996,44.490002,138.100006,97.93,45.900002,168.960007,234,54.549999,83.870003,59.630001,35.490002,88.959999,130.479996,212.399994,117.120003,112.379997,47.66,96.620003,81.110001,70.129997,,,,,,,,,,,,,,,,,,,,,,,,,,,,,,,
173.070007,95.279999,267.98999,138.990005,37.73,116.449997,103.410004,18.41,239.410004,176.570007,152.470001,44.73,140.020004,101.360001,45.830002,171.339996,235.630005,54.93,84.879997,59.580002,35.849998,89.400002,133.009995,216.139999,117.709999,113.360001,48.82,96.769997,81.669998,71.089996,,,,,,,,,,,,,,,,,,,,,,,,,,,,,,,
169.479996,96.599998,269.299988,138.059998,37.48,117.18,105.239998,18.48,241.360001,177.25,153.550003,43.950001,139.809998,103.730003,45.5,170.429993,238.009995,55.360001,83.339996,60.360001,36.209999,89.379997,134.529999,222.880005,118.160004,109.860001,49.900002,97.559998,82.269997,71.779999,,,,,,,,,,,,,,,,,,,,,,,,,,,,,,,
171.850006,97.709999,276.799988,141.149994,37.299999,118.989998,104.82,18.290001,247.639999,179.820007,153.970001,44.84,139.330002,104.519997,45.77,171.970001,243.139999,55.27,84.169998,60.419998,36.259998,89.989998,135.570007,228.169998,121.449997,112.589996,50.889999,97.230003,83.290001,71.959999,,,,,,,,,,,,,,,,,,,,,,,,,,,,,,,
171.050003,97.860001,271.380005,141.520004,37.599998,119.510002,105.25,17.879999,248.949997,180.419998,154.759995,44.68,139.979996,104.790001,45.970001,172.869995,241.149994,55.869999,84.260002,59.880001,36.349998,90.360001,136.210007,226.779999,120.120003,110.730003,51.25,97.349998,83.459999,71.010002,,,,,,,,,,,,,,,,,,,,,,,,,,,,,,,
169.800003,98.589996,277.970001,141.5,37.720001,120.839996,110.220001,17.950001,250.649994,184.899994,156.460007,44.490002,139.009995,106.949997,46.23,170.649994,239.259995,56.220001,81.080002,60.099998,36.060001,91.410004,136.360001,221.419998,120.040001,107.43,51.720001,97.010002,83.57,72.129997,,,,,,,,,,,,,,,,,,,,,,,,,,,,,,,
169.639999,98.709999,275.540009,140.139999,37.310001,120.389999,107.220001,17.76,248.330002,182.850006,155.350006,43.439999,139.669998,105.720001,46.259998,172.990005,238.259995,55.77,81.589996,60.419998,35.630001,91.400002,135.320007,220.089996,120.290001,108.580002,50.919998,97.830002,82.889999,71.540001,,,,,,,,,,,,,,,,,,,,,,,,,,,,,,,
169.009995,98.209999,278.269989,140.339996,37.41,119.610001,105.459999,17.66,245.949997,180.800003,154.100006,43.450001,141.059998,104.93,46.450001,173.479996,238.669998,54.349998,82.779999,59.720001,35.560001,91.25,135.360001,219.940002,121.199997,109.739998,50.68,97.279999,82.279999,71.080002,,,,,,,,,,,,,,,,,,,,,,,,,,,,,,,
169.320007,98.580002,281.970001,142.889999,37.400002,119.629997,105.260002,17.709999,248.559998,182,153.570007,43.080002,140.009995,104.620003,45.779999,172.910004,240.300003,54.77,82.489998,60.599998,35.5,90.099998,134.210007,220.149994,122.400002,111.400002,50.419998,96.779999,82.550003,71.370003,,,,,,,,,,,,,,,,,,,,,,,,,,,,,,,
169.369995,98.550003,285.899994,143.860001,37.610001,119.919998,104.230003,17.709999,250.350006,183.410004,154.809998,43.349998,140.589996,105.93,45.310001,173.149994,238.130005,55.57,84.160004,61.299999,35.740002,90.370003,133.75,223.910004,122.809998,112.599998,51.09,96.550003,82.660004,70.730003,,,,,,,,,,,,,,,,,,,,,,,,,,,,,,,
172.669998,99,283.160004,143.770004,37.959999,120.419998,106.830002,17.65,250.130005,182.25,155.410004,43.66,141.139999,105.620003,45.330002,173.25,239.300003,56.34,85.230003,61.91,36.209999,90.230003,133.160004,222.770004,123.300003,112.370003,51.84,96.93,83.029999,70.809998,,,,,,,,,,,,,,,,,,,,,,,,,,,,,,,
171.699997,99.370003,289.940002,143.419998,37.91,119.68,107.43,17.91,257.679993,181.800003,156.740005,43.330002,142.600006,106.849998,45.290001,172.229996,236.580002,57.07,85.580002,62.169998,36.580002,89.849998,134.350006,222.490005,123.480003,113.459999,53.189999,96.699997,82.760002,70.790001,,,,,,,,,,,,,,,,,,,,,,,,,,,,,,,
172.270004,97.779999,291.839996,148.570007,38.150002,119.93,107.610001,17.76,255.559998,183.029999,153.910004,43.34,142.889999,105.510002,45.900002,173.550003,239.110001,56.91,85.349998,64.300003,36.639999,90.879997,133.559998,224.350006,124.300003,113.309998,52.889999,97.760002,83.120003,70.559998,,,,,,,,,,,,,,,,,,,,,,,,,,,,,,,
172.220001,97.150002,293.880005,146.279999,37.900002,119.529999,110.57,17.639999,255.479996,182.130005,154,43.259998,141.649994,104.660004,46.029999,173.139999,238.080002,56.009998,84.690002,64.529999,36.459999,91,132.580002,221.25,123.760002,112.919998,52.34,97.129997,82.900002,70.32,,,,,,,,,,,,,,,,,,,,,,,,,,,,,,,
173.970001,98.519997,293.940002,146.690002,38.189999,119.730003,111.269997,17.82,257.170013,182.580002,152.5,44.560001,142.460007,106.139999,46.189999,174.059998,238,56.240002,86.849998,64.790001,37.200001,91.889999,134.889999,221.820007,126.169998,113.82,52.669998,97.110001,83.029999,70,,,,,,,,,,,,,,,,,,,,,,,,,,,,,,,
176.419998,99.68,296.140015,149.770004,38.48,119.699997,111.029999,17.76,260.019989,184.729996,153.330002,46.259998,141.800003,106.959999,45.93,174.199997,238.419998,56.220001,86.379997,64.809998,37.130001,91.879997,135.210007,222.669998,126.709999,113.550003,53.25,97.900002,82.940002,71.389999,,,,,,,,,,,,,,,,,,,,,,,,,,,,,,,
174.539993,99.150002,297.25,150.910004,38.299999,119.839996,111.809998,17.59,256.480011,185.979996,153.229996,47.040001,141.779999,106.510002,46.130001,173.389999,238.389999,56.23,85.830002,64.239998,36.939999,91.68,135.539993,222.039993,126.779999,112.139999,52.830002,98.800003,82.440002,71.419998,,,,,,,,,,,,,,,,,,,,,,,,,,,,,,,
174.350006,98.510002,297.899994,152.520004,38.740002,120.889999,109.690002,17.450001,255.179993,187.309998,152.949997,47.560001,141.160004,106.139999,46.080002,172.169998,236.919998,56.110001,85.519997,63.59,36.459999,91.529999,135.259995,222.380005,127,112.120003,52.77,98.75,82.870003,71.269997,,,,,,,,,,,,,,,,,,,,,,,,,,,,,,,
175.009995,98.5,295.029999,154.639999,38.529999,124.82,109.57,17.469999,261.01001,188.080002,151.5,46.759998,141.059998,107.830002,45.599998,171.850006,234.779999,56.599998,85.5,64.769997,36.240002,91.669998,134.440002,221.690002,127.309998,112.410004,53.009998,98.059998,83.849998,71.639999,,,,,,,,,,,,,,,,,,,,,,,,,,,,,,,
175.009995,98.739998,295.100006,155.75,38.549999,124.980003,108.669998,17.5,258.970001,188.130005,152.5,46.700001,140.119995,107.449997,45.59,171.419998,234.729996,56.360001,85.510002,63.290001,36.139999,92.129997,134.389999,220,127.230003,112.690002,53.189999,98.209999,83.970001,72.110001,,,,,,,,,,,,,,,,,,,,,,,,,,,,,,,
170.570007,98.57,295.359985,156.440002,38.48,125.980003,108.120003,17.43,257.720001,190.360001,152.830002,46.080002,140.089996,107.019997,45.810001,171.289993,235.449997,56.34,85.400002,63.650002,36.209999,92.480003,134.779999,219.600006,127.139999,112.989998,53.220001,99.160004,83.980003,71.440002,,,,,,,,,,,,,,,,,,,,,,,,,,,,,,,
170.600006,99.129997,295.619995,157.520004,38.560001,125.550003,107.639999,17.379999,255.949997,190.190002,153.130005,46.110001,140.570007,107.220001,45.93,172.669998,236.199997,56.34,85.709999,62.950001,36.330002,92.099998,134.770004,220.419998,127.580002,114.019997,53.279999,99.260002,83.900002,71.440002,,,,,,,,,,,,,,,,,,,,,,,,,,,,,,,
171.080002,99.699997,296.350006,158.419998,38.59,125.580002,107.769997,17.360001,256.5,189.779999,154.039993,46.220001,140.559998,107.790001,45.720001,173.100006,235.720001,56.599998,85.720001,62.950001,36.369999,92.07,135.660004,222.770004,128.119995,114.349998,53.43,99.400002,84.019997,71.510002,,,,,,,,,,,,,,,,,,,,,,,,,,,,,,,
169.229996,99.309998,294.910004,157.580002,38.299999,125.190002,107.510002,17.450001,254.759995,189.529999,153.419998,46.16,139.720001,106.940002,45.880001,172.119995,235.369995,56.27,85.540001,62.549999,36.220001,91.879997,135.639999,220.460007,127.57,114.019997,52.93,98.75,83.639999,71.220001,,,,,,,,,,,,,,,,,,,,,,,,,,,,,,,
